"record_id","term","session","case_type","case_no","sent_date","legislator","handling_agency","local_class","police_relevance","police_terms","source_body_status","summary","police_evidence","source_url","static_url","static_status","content_sha256","fetched_at"
"9-1-34-12","9","1","施政質詢","12","105/04/27","黃昭順","內政部(組改前) 、 經濟部(組改前) 、 交通部(組改前) 、 行政院大陸委員會(組改前) 、 行政院海岸巡防署(組改前) 、 外交部 、 國防部 、 教育部 、 法務部 、 勞動部 、 衛生福利部 、 國家發展委員會","LOCAL_MENTION","INDIRECT","毒品","FULLTEXT","質詢時間：中華民國105年3月18日立法院第9屆第1會期第5次會議 交印時間：105年3月18日 對行政院院長提出施政方針及施政報告之質詢 黃昭順 交通組 壹、內政篇 ※參考議題一： 不能承受政府資訊未公開而受害 內政部 「土壤液化潛勢區」的資料一公布，果然立即引發民眾的強烈關心，網路查詢塞到爆，最多人擔心的，是坐落於土壤液化區的房屋會因此價格下跌；其次，是擔心位在紅區的房子住下去會有危險；再其次，才是擔心高潛勢區的公共建築如機場、車站、捷運會不會潛藏危機。這些反應，恰恰反映了台灣房屋市場的積習和退化的建築管理政策，人們對於「房價」的耽溺，往往大過對『安全』的講究。 本席就教院長： 一、請問 政府對「土壤液化潛勢區」的調查，是從甚麼時候開始的？什麼時候開始有完整的調查結果？ 經濟部 二、據暸解；建築法規定從民國86年5月以後開始建築的房子，必須要將「土壤液化」的問題納入考量，請問是如何有效管理及稽核？能保證；經政府核發使用執照的建築物，都已不用擔心土壤液化的問題？ 三、請問不同層級的「土壤液化潛勢區」補強的方法及層度是一樣的嗎？建築商在實施相關建築工法時，會瞭解高或中高潛勢區的資訊嗎？ 國人對居住議題重房價、輕安全的特質，確實在觀念上有待改變，但是本席要強調的是；在資訊不對等的情況下，人民的權利和保障；邏輯上來說；建商當然應該知道自己建造的房屋是蓋在什麼樣的地基上，但購屋者卻完全不清楚地底下的虛實，如果房屋經過層層轉售，政府未做好把關，建商又唯利是圖，那消費者的權益是不是就成了最倒楣的受害者，今天「土壤液化潛勢區」公布後，雖然政府及相關公會都一再的宣導，不要慌張、沒有那麼嚴重、是可以改善的，那麼本席請教院長： 一、如果您在買一處建築物時，除了「土壤液化潛勢區」外，其他各項您願意接受的條件（包括金額）都完全一樣，請您誠實的回答；您會選擇買「土壤液化潛勢區」的房子嗎？ 二、請問人民為什麼要繳交房屋稅、地價稅？既然人民有繳稅的義務，從使用者付費的立場來說，當然是應該，但另從消費者立場言，我買了個有瑕疵的商品時，誰該負責？ 三、再講白話些；人民按規定向政府繳納房屋稅、地價稅，但因政府資訊未公開，人民買了處落在「土壤液化潛勢區」的建築物，請問政府有沒有責任？ 四、當民眾經建檢後，確認該位於「土壤液化潛勢區」的建築物需補強時，請問房屋稅、地價稅沒少繳過半分，住在這有瑕疵的土地上這麼多年，已經夠委屈冤枉了，日後補強的經費還該由不知情的小老百姓出嗎？ 從另個角度來看，透明的資訊固然揭露一些不愉快的真相，卻是必要之惡，至少，民眾取得了掌握資訊的主動位置，不必再被政府或建商蒙在鼓裡。及早得悉自己住屋和環境的安危，以便採取因應對策，或加強鞏固、或提早改建，以確保居住安全。本席在此也提醒政府；土壤液化或許沒有那麼可怕，但無良建商的偷工減料的可怕卻是更應重視！ 本席要求院長： 一、土壤液化潛勢區公布後，政府應有讓人民放心的配套措施，且應從寬而有彈性，尤其各項手續應儘量簡化便民才更為要緊！ 二、在既有建築物方面，應委託專業技師公會讓人民可以選擇，以提供篩選判定服務。 三、新建築應加強土壤液化潛能評估、強化基礎結構設計，從嚴審查落實監督機制。 ※參考議題二： 重視毒害根除毒源！ 法務部、衛生福利部、教育部 日益嚴重的毒品危害，已不只是社會問題而是國安問題。 藥物（毒品）濫用，不僅台灣嚴重，已經成了當代各國共同的難題。根據衛服部的資料顯示，台灣整體藥物濫用的盛行率為1.43%，10年來毒品案件增加兩倍，所謂殺頭的生意有人做，製毒與販毒都存有暴利，這個數據是最好的寫照！近年來台灣已經成為「毒品帝國」，毒品在青少年間盛行，造成台灣吸毒人口不斷的竄升。 本席想請問院長： 一、您知道以現行的吸毒人口統計，台灣約有多少的吸毒人口？（有近50萬）您知道這項毒品「產業」每個月「產值」多少？（約300多億元） 二、以聯合國公布每年走私的毒品總值約8,000億美元，您知道我們國家在這項「毒品產業」的花費一年約多少？（接近新臺幣4,000億元以上） 台灣竟然在毒品的產值佔這項數字的2%，「世界生產，台灣消費」，毒品與台灣產業世界化同步，而兩岸密切來往，更成為毒品通往台灣的方便之門！ 本席再請問院長： 一、根據統計；吸毒者第一次使用非法藥物的場所以網咖、PUB等娛樂場所最多，占了37.1%，請問；居第二順位「場所」是那裡？（同學、同事或朋友家中），占比約為多少？（29.7%） 二、據調查結果；台灣地區濫用非法藥物濫用人口比例，男性約為72%，女性約28%。但您知道毒品來源多來自那裡嗎？（有55.8%來自同學、同事或朋友，遠高於藥頭或毒販的32.8%） 三、再請問院長，這麼大的吸毒人口，您可以告訴國人，去（104）年法務部針對毒品所得追繳執行率是多少？ 行政院的十大民怨調查中，「毒品氾濫」占第4位；各縣市約有兩成以上人民認為自己居住縣市，毒品問題嚴重，台中市、高雄市及雲林縣，更有約五成覺得毒品問題嚴重。掃毒不僅是治安問題，更是非常嚴重的社會甚至國安關鍵問題。毒品不僅危害個人健康，更嚴重戕害國家經濟、社會治安、國防戰力，以及整體國力！ 本席要求政府： 一、除了要完善防毒措施，嚴格查毒品外，對於用毒的高危險群，必須針對其動機、場所、來源等特性，利用學校、社區、社群網站、傳媒等管道加強宣導，使所有人識毒、避毒、不吸毒。 二、對吸毒者除了要給予法律的制裁外，更應給予適當的協助與關懷，讓他們能夠脫離毒品的誘惑，獲得在社會上自立更生的機會。 三、政府正式「向毒品宣戰」起，每年花費4、50億的經費，但卻只能將用毒情況稍加控制，吸毒人數仍是居高不下。請院長能否告訴國人， 在掃毒的作為上，能有什麼更積極以應的手段和策略？ ※參考議題三： 民主自由不等同濫言渲染！ 法務部 從洪仲丘案、阿帕契事件到日前的憲兵濫權搜索事件已再次重創軍方形象！不管是社會輿論的撻伐也好、媒體名嘴的謾罵也罷，幾乎變成了個「全民公敵」的事件，本席無意要袒護國防部，而且全案已進入司法程序，本席也無意再重複這件事的質詢，但本席要問的是： 一、院長；您不覺得整個事件事似乎有個很奇怪的氛圍導向？軍方處理此事的不當是有爭議，我們是民主社會當然可以公開討論，但您覺得這些報導是客觀、公正嗎？還是理盲甚至渲染？ 二、這兩天最醒目的新聞標題「軍中人權」，請問院長；您是否可以說明；人權有分「軍中」或「民間」嗎？是否可以具體的告訴國人；這其中有甚麼分別嗎？ 三、是否可以再說明；甚麼叫做「白色恐怖資料」？公務部門的資料只有分機密等級，而且還會因時間或事情的發展有降級或解除，難道在公文分類中有用「顏色」分類？或有『恐怖』這一項別？ 台灣在華人世界中素以民主著稱，但是這些年來，台灣的民主卻被理盲、衝撞的意識形態綁架，不問是非，只問顏色己乎已經是「台灣的社會公義」，本席要再就教院長： 一、為什麼電影播出要分級？為什麼書文雜誌的尺度要有程度的區別？為什麼未成年的青少年不可以購買酒類商品？ 二、民主社會言論當然要自由，但是當 藉言論自由之名，而行理盲及渲染之實，有心的誤導民意，讓整個社會氛圍因而鼓譟不安時，政府要如何因應？ 法務部 三、星星之火足以燎原，太陽花、洪仲秋的教訓，政府還沒有學到教訓嗎？言論自由當成了搧風點火時，一定要待人心惶惶、社會動盪不安時，政府才能管理嗎？ 貳、交通篇 ※參考議題四： 兩岸不確定關係VS陸客 本院陸委會、交通部 不管是官方版「還無明顯數據」資料顯示，或是院長您日前跟媒體的對話：「陸方部分航空具有大飛機改小飛機」說；陸客來台人數是否有持續減少？本席認為商人對「傷機」是最直接也最敏感的，據業者形容，相關觀光從業市場簡直比「霸王寒流」還要冷，觀光局也表示會加強「國內旅遊」和拓展「國際市場」來因應，但業者也要懂得轉型。無風不起浪，如果沒有風吹草動，公部門為何會有這樣的回應？ 本（105）年總統大選後，就有風聲傳出，來台陸客數將會有「明顯」的下降，而就資料顯示，去年同期（1、2月）阿里山遊樂園區陸客總人數有26萬多人，但今年卻只有22萬6千多人，一口氣少了3.4萬人，縮減13%。這般暴衝的驟減，怎麼不對我正在大力推展的觀光產業，產生程度的衝擊？難怪主管機關透出「業者也要懂得轉型」的訊息。 言者諄諄聽者藐藐，業者質疑的是，觀光產業相關的航空業、遊覽車、飯店、旅館、旅行社，都不像實品店家可以「囤貨」，沒人就沒生意，且陸客一年來台超過400萬人，量這麼大，只要減少2、3成，就減少100萬人，衝擊非常大！觀光局可以一下從國際市場找到100萬人來補上缺口嗎？本席就教院長： 一、到目前為止，陸客數量下降議題一直是外界「有風聲」、業者「有感受」，但官方「沒消息」、「沒數據」，請問主管機關究竟有沒有掌握整體情資？主管機關有沒有研判；預怙今（105）年陸客來台旅遊的狀況？數量約多少？ 二、去（104）年外國來台旅遊人數破千萬，本席深表稱許。但也要提醒有關；這其中陸客數量就占總數4成，只要有任何反向變化，我國好不容易剛露生機的觀光產業便將大受影響！請問主管單位有什麼具體可行的計畫來因應這樣的結構改變？預判效果如何？ ※參考議題五：唯 提升品質方能吸引觀光旅者 交通部 過去台灣出國人數遠超過來台人數，但近年來差距已經拉近至約百萬。在政府豪情大步，完成千萬目標時。本席懇切地提醒；台灣觀光發展未來不僅要有人數，真正關鍵還是在「品質」。院長您知道有多少背包客，是繞過或跳過台灣而至它處旅遊的嗎？ 聯合國世界觀光組織（UNWTO）指出，未來全球觀光發展的重心在亞洲，而台灣處於亞太地理位置的中心點，有著整合亞太區域發展觀光的潛力，台灣在去（104）年完成千萬大關里程碑後，未來觀光發展的關鍵就是「品質」，政府及民間業者必須「增加投資、品質及價值」，才能吸引更多不同族群與文化背景之國際旅客前來觀光，將台灣打造成為國際旅客心目中的最佳旅遊目的地。 院長；全世界每年10億觀光客中有7成是歐美遊客，卻只占了來台觀光客人數的12%，也就是說每年7億歐美觀光客，卻只有約80萬遊客選擇來台灣旅遊。國際遊客由東南亞玩到東北亞，卻刻意把台灣跳了過去，許多觀光客路經台灣卻未落地，是台灣的觀光資源太糟？還是台灣的觀光品質太差？或是缺乏讓人想來的誘因？ 本席想就教院長： 一、為什麼走在觀光潮流尖端的歐美「背包客」對台灣卻十分陌生？甚至沒有聽過台灣？您認為要如何挖掘出吸引歐美地區的「客源」？ 二、國內觀光發展訴求重點，是否有再檢視的必要？觀光客找不到台灣的特色與價值，是否才是台灣觀光的罩門？政府有什麼更積極的行銷政策？ ※參考議題六： 質重於量才利觀光產業盛興 交通部 由於香港物價及居住環境備受大陸觀光客衝擊，一向依賴陸客為金雞母的香港政府，透露出有意限縮陸客數量的訊息，希望減少陸客帶來的負面文化衝擊。反觀，無視台灣生活環境及旅遊品質已受陸客衝擊，還喊出兩年內要讓大陸觀光客衝到450萬人的目標，本席在此要呼籲；健康的觀光政策，不是只著眼單方的市場，更不是見樹不見林的短視邀功心態，要讓台灣整體觀光產業可長可遠，在國際上發亮發光，政府應以香港為鑑，審慎評估觀光「拚命衝量」的政策。 本席要請教院長： 一、台灣飯店房間數有限，如何負荷更大的旅客量？要花多少土地去蓋飯店？現有交通輸具能負荷嗎？景點容量、旅遊安全能承受嗎？ 二、一味的衝量真的有意義嗎？會不會因此反而衝擊自然環境及旅遊品質？ 三、政府是否有統計過，為觀光理由二次來台的國際觀光客有多少？本席再問白些，我們依賴的陸客，會因觀光旅遊想再來台的人數又有多少？ 本席在此鄭重呼籲，台灣已經到了應該改走「質重於量」的關卡，要想提高國際觀光旅遊的知名度，不能一味衝量，必須走向精敏化、高產值；低價團只會打壞行情，不僅沒帶來收入，接團如同豪賭，一著輸全盤輸，主管部會應審慎思考。台灣是否必須有更特別的東西，才能讓來台觀光真正成為世界觀光客的必選「寶島」？給「他們一個無法拒絕來台灣的理由」！ ※參考議題七： 惡質哄抬價格嚇跑優質旅者 交通部 本席再就教院長： 一、您是否知道只要是連續假期以上的假日，國內旅宿的價格就飆漲？平常約3千元左右的價格，可飛漲至一倍以上，年假期間更離譜的趨近萬元，雖說是自由市場機制，但民眾及旅者擺明了是被變相敲詐、勒索，政府難道無法管嗎？ 二、出國旅遊的旅費也是一樣，平時3萬的旅費，寒、暑假就莫名其妙的翻好幾倍，我們過年、放假，別的國家並沒有，當地的物價也沒漲，請問旅費飆漲的合理嗎？政府應顧及業者合理利潤當然應該，但消費者被狠狠地剝削，小市民的公平正義呢？ 每次質詢物價飆漲的相關議題時，政府只有一種回答，叫做「尊重市場機制」，本席實在厭惡至極，也深表不認同，自由經濟市場當然應該尊重，但那是在彼此有對等資訊下，國內的旅遊市場，基本上言，消費者屬弱勢，政府的責任是保護人民應有的權益，若政府明知低價搶客，價格不合常理，難道也任消費者上當受騙嗎？ 本席請問院長： 一、舉上海五天的旅遊行程為例，住五星級觀光大飯店，享用飯店早餐，又逛景點又看秀，正常的團費該院長您認為該多少？不到新台幣『萬』元還含來回機票，您認為合理嗎？ 二、俗稱殺頭生意有人做，無錢生意乏問津，院長您認為這種低價團費高檔行程，消費者能真的佔到便宜嗎？還是會吃一肚子的窩囊氣？ 三、請問主管機關難道不知道這些低價團高檔行程的問題叢叢？那為什麼還允許電視購物台公然販售？為什麼要等到發生旅遊爭議、糾紛才來事後處理？這不是勞民傷財，置消費者權益而不顧嗎？ 四、政府的責任既然是保護人民身家財產不要受傷害，那對明知民眾會吃虧的事，豈能坐視不管？類此事務已不是自由市場機制的問題，政府應換個角度來思考，以保護消費者權益及不受傷害為最大前提！ 五、大陸可以為保障消費者權益特別設置旅遊法，台灣自居是華人世界最民主、最以保護人民權益為重的國家，但不管國內或國外旅遊，國人的權益卻一再被業者侵占，政府為何視若無睹？還是與業者沆瀣一氣？ 六、大陸可以以旅遊法規定不可指定購物及抽佣，但國內旅行團仍在推出如上的行程，尤其電視購物網，請問消費者權益如何保護？政府能有什麼積極的管制辦法？ 七、政府是否應思考，如何讓台灣旅遊環境成為一個讓觀光客感到安全的旅遊天堂？不只是人民親切、舟車安全，在購物樂趣上也能打出安心、放心的不二價環境？ 參、社福篇 ※參考議題八： 人口高齡化是危機也是轉機！ 國家發展委員會、勞動部、衛生福利部、經濟部 台灣年度勞動人口已到達高峰，本（105）年勞動人口預將開始下滑，到了2061年勞動人口占總人口比率將只剩50.4%，而老年人口則大幅增至43.2%。人口少子女化及高齡化社會導致年輕階層勞動力萎減、扶養負擔加重，老年人口的照顧及扶養，已難以由家庭負荷，進而影響國家經濟成長動力及加重社會安全經費之負擔。 依照我國人口老化的速度，勞動人口增加速率並不足以解決高齡化社會帶來的勞動力短缺問題，面對高齡人口，除了提升福利政策與社會照護，中高齡者的人力再運用，隨著高齡化社會的來臨更是日趨重要，中高齡勞工的適性穩定就業與否？極可能是壓倒我們國家的最後一根稻草。亟需政府予以重視與採取適當對策。在平均壽命提高的趨勢下，延後退休中高齡人力的有效運用已是世界潮流。 本席強烈請院長思考以下幾點： 一、如何充分再運用中高齡者勞動力？ 二、如何強化事業單位因應貿易自由化對中高齡在職勞工的衝擊，提前預防其裁減員工？ 三、請問政府在這些年來，就改善中高齡人力就業環境、減緩工作障礙、提升其留在職場意願的具體成效為何？可以給國人一個亮麗的成績單嗎？ 從現在開始的銀色海嘯，三年後每年退休人數就會突破30萬人，此後每年都將有40萬人左右跨過退休門檻，持續30年不停歇。總計將在30年內創造出1,084萬名退休族。以1,084萬人的銀色海嘯退休族，加上總數約500萬人的20歲以下的幼兒與青少年，合計高達1,500萬人的退休族與幼兒族，占台灣總人口（假設人口維持2,200萬人或者緩減）的66%不事生產、需要國家照顧，將是難以想像的情境。 簡而言之，1,084萬名「銀色海嘯族」的動態，將是台灣社會發展成敗的關鍵所在。如果這1,084萬名銀色海嘯族都不繳稅、不事生產、領取退休金，而且大量使用健保與長照，那麼台灣面對的慘況，包括政府財政必然破產、健康安全體系必然崩壞、社會無法健康發展。因為事實非常清楚，剩下的500萬名勞動階層，沒有能力負擔起1,500萬名老人與孩童的撫養責任。 本席再就教院長 一、您是否知道到預判今（105）年起台灣的「扶老比」將超過「扶幼比」，而當「扶老比」與「扶幼比」的差距愈益擴大，會對國家、社會肇致些什麼樣的問題？ 二、如果台灣社會制度與福利的調整，趕不上人口結構的快速變化，台灣民眾未來的生活是否處處潛藏危機？ 三、當整個國家被老化問題糾纏而無法脫困，政府財政狀況又無支持時，您覺得要求我們的下一代，也就是未來的年青人來承擔是公平的嗎？是否也會因沉重負擔而導致下一代價值觀的變遷，人老晚年不保！ 四、面對這無從迴避的1,084萬名銀色海嘯族，政府能容許它們不事生產的拖垮國力嗎？政府有何具體政策因應銀色海嘯的來襲？ 五、政府要如何建立一個可以永續運作的退休與社會安全機制？未來是否不僅是輔導青年創（就）業，應升級成為輔導中年創業也是重要政策？ 六、「弱勢老人」數量暴增，是人口結構老化共同的現象，政府要如何儘速建立起老人照護的安全網？ ※參考議題九～ 長照得安養，照護有保障。 衛生福利部、勞動部 全國65歲以上的老年人口已經超過275萬人，約占總人口比率近12%，若是到達14%，就是超高齡社會，2025年前說不定就達此標準。行政院祭出3年300億元，加速長照服務普及和人力建置，至107年老年、身障失能全納入照顧，社區式日間照顧服務將增至418家。在全國368個鄉鎮市區廣設日間照顧中心，達成「一鄉鎮一日照」目標，以因應高齡化社會，普遍設立社區型日間照顧中心，這是我國長期照顧政策的重要一環。本席予以肯定。 照服員是長照工作中亟為重要的一環，是費力又費心的勞力性質工作，特別是隨著日顧中心的增加，導致照護人員人力不足。照服員薪資主要來自政府補助，但10餘年來未隨物價指數調整，整體薪資偏低，導致照護員認真工作卻不能賺得養家活口的薪水，低劣而沒有進步的工作條件，也使得這份工作無法補充新進人員，即使進入這個行業也將成為血汗勞工，也是多數人完成訓練仍不想投入照顧服務工作的主因。 本席請問院長： 一、「一鄉鎮一日照」政策目前推展的如何？能如期於本（105）年底完成在全國368個鄉鎮市區廣設日間照顧中心的目標嗎？ 二、目前每年長照服務員缺3,000人，線上照服員僅2.6萬人，但受過訓的卻有10萬人，請問究因為何？ 三、自本（105）年起，政府將推動照顧服務職能分級，創造薪給空間，增加長照服務員投入誘因，能否具體說明內容為何？是否會很繁瑣困難？影響個人意願？如何能顧及看護與被照護的雙贏？ 四、日間照顧中心持續建立，相應的土地徵收、人員訓練、民間推廣等規劃如何？ 五、有否有務實的稽核及管理辦法？能保證不會再建一個又一個的蚊子館或劣質服務照顧機構，來浪費公帑及人民的血汗納稅錢？ 六、在現狀法律規範仍不足的現實下，照服員在工作狀況、工時保障、教育訓練上有何相應的規劃及保障？ 七、政府擬建立之本、外勞組合式的居家長照外展服務，現階段進展如何？為何大多數需要的被照護者根本毫無所悉？ 八、政府為建立民眾個人長照、身障服務、社會福利歸人資料庫，及針對長照機構及人員進行系統整合管理之「照護雲」資訊系統整合，預何時可完成啟用？對長照服務將有哪些顯著效益？ 肆、國防篇 ※參考議題十～ 南海風雲詭譎下的主權維護。 國防部、外交部、內政部、本院海巡署 南海情勢又見波瀾，美國航空母艦史坦尼斯號（USS john C. Stennis）日前在四艘驅逐艦、巡洋艦與第七艦隊旗艦伴隨下，駛進南海海域，強調國際水域的自由航行權，目的係對抗中國大陸在南海島礁的軍事化建設。這是自去（2015）年南海爆發爭議以來，美軍證實的第三次派遣軍艦進入南海的行動，也是迄今軍力展現規模最大的一次。在大陸舉行兩會期間，航母戰鬥群才進入南海，象徵意義十分明顯。 美國重返亞洲其主要的目的，就是為了防堵大陸經、軍勢力擴張，對其世界霸主地位的影響，這是司馬昭之心，路人皆知，但因我國仍事實掌控南沙太平島，南海議題自與我有關。馬總統於今（105）年1月28日前往太平島除慰問駐島人員外、並發表「南海和平倡議路徑圖」、說明推動太平島和平用途、澄清太平島法律地位的重要目的，這是身為國家元首維護國家主權及基本利益的天職，本席予以高度肯定。 本席要就教院長： 一、南海情勢近期在大陸填海造陸工程，以及美艦南海巡弋推波助瀾下，美陸兩強及各支持國家在南海的國際法、軍事力量及外交較勁下，我政府如何能以具體的行動，強勢展現我維護國土伸張主權的決心！ 二、針對菲方所提的訴求中涉及「九段線」（我國稱「U形線」）主張的法律效力，並以太平島為例，惡意解釋南沙群島中不具擁有可以維持人類居住的島嶼。此訴求將直接衝擊到我在南海的主權和權利主張，我國將如何展示在南海海域存在的現實，以期明確且持續讓國際仲裁法庭真正瞭解？ 三、從馬總統的「南海和平倡議路徑圖」主張，請問在現實國際外交處境上，政府要如何努力爭取與南海聲索國間正面的結果，而不是零和遊戲？將「南海和平倡議」的效益極大化，使南海成為「和平與合作之海」期達「主權不能分享，但資源可以共享」之目標？ 四、本席要再嚴正而慎重提醒政府，切勿誤判國防戰略陸美戰略競逐形勢，意圖成為「美日同盟」圍堵大陸戰略的棋子，如此不但恐讓台灣兵凶戰危，並可能成為大國利益交換的犧牲品。 亞太地區絕大部分國家與海相連，因此；各國不但善用海洋經貿機會，並積極從事海洋資源開發，以致對可能造成海上安全與經貿秩序的衝擊，自然格外重視。也正因如此，蘊藏豐富石油、天然氣及可燃冰等資源的東海與南海，便成為各國競逐焦點，而台灣適巧正處於其間。自聯合國海洋法公約於1994年11月16日生效後，賦予沿海國200浬專屬經濟海域權利主張。依據目前調查及蒐集之相關科學佐證資料，我國部分海域有條件可主張超過200浬的延伸大陸碟層，惟因臺灣四面環海，與鄰國海域主張重疊嚴重，依1982年聯合國海洋法公約規定，應與鄰國協議劃定。 本席要就教院長的是； 一、政府在我國沿海200浬專屬經濟海域權利主張是什麼？既然與鄰國海域主張重疊嚴重，那這麼多年來我國與鄰國協議劃定的實質磋商有那些？除釣魚台海域與日本的協商有結果外，其他有那些？兩岸間之權利主張是否也同樣重疊？又應如何處理？ 二、我國能否在國際法的基礎下，就200浬專屬經濟海域權利主張得到公平對待，以獲取國家最大利益？目前我國在相關海域內有什麼具體的經濟作為？是否已有可以向全民報告的成果？ 正由於對島嶼主權、經濟海域重疊與經濟海域劃分之彼此認知不同、各有主張，以致引發資源開採、漁權維護及海洋調查等爭議，甚至造成雙方執法船舶對峙、引發低強度軍事衝突。不論「東海和平倡議」或「南海和平倡議路徑圖」主張，不僅符合國際趨勢，有利於解決問題；亦反映我國對主權爭議島嶼海洋資源的立場與態度。因任何國際爭端均應避免使用武力，以免緊張情勢不斷升高，一旦發生戰爭，不但對區域和平造成傷害，亦將影響亞太及全球經濟成長與安全。然所謂「勿恃敵之不來，恃吾有以待之」，沒有主權就沒有海權，沒有海權又那來的漁權？ 爰此；本席再就教院長： 一、為保障漁民作業權益與安全，我定期派艦執行專屬經濟海域巡護任務，除依漁汛期、重點漁區或突發事件需要，適時調整勤務頻度與密度；對我國與各國重疊海域衍生之主權與漁權爭議，如何強化暫定執法線內之具體巡護作為？ 二、上端經濟海域重疊區域內，我海洋資源開發與海洋調查政府如何確保？具體成效為何？ 三、實力是主權維護的最大保障，政府是否對我200浬相關海域實施定期之海、空軍兵力巡弋？ 四、在南沙太平島的兵力部署，是否應考量令海軍陸戰隊重返戍守，以宣示我捍衛主權的實力和決心？是否加強我太平島防衛設施及周邊海域資源開發，以確保我應有權益！ 五、在東、南海爭議間，我國在此區域和平的斡旋，應該是有其重要角色與價值，政府是否有更具體的戰略作為？不但能有效區域和平的穩定，更能藉力使力向國際發聲、爭取認同，創機造勢以利國家整體競爭力之提升。","各縣市約有兩成以上人民認為自己居住縣市，毒品問題嚴重，台中市、高雄市及雲林縣，更有約五成覺得毒品問題嚴重。","https://query.ey.gov.tw/legisWeb/webQuery.aspx?sys=620&funid=lglistnew&term=9&ses=1&srltype=2&leg=&unit_id=&senddatef=&senddatet=&seqf=12&seqt=12&keyword=&max=300&outmode=0","https://query.ey.gov.tw/legisweb/html/9_1_34_12.htm","UNVERIFIED","9575ee8da726eb575506face85bf0ee235a7163d80e4c9e8d157a1ab85137a50","2026-08-14T01:39:50+08:00"
"9-1-34-30","9","1","施政質詢","30","105/07/19","陳其邁","內政部(組改前) 、 行政院公共工程委員會 、 教育部 、 法務部 、 衛生福利部 、 國立故宮博物院","LOCAL_MENTION","INDIRECT","毒品","FULLTEXT","質詢時間：中華民國105年6月21日立法院第9屆第1會期第17次會議 交印時間：105年6月21日 對行政院院長提出施政方針報告之質詢 陳其邁 一、故宮南院售票大廳防漏工程延宕，營建署和故宮聯手隱瞞真相 故宮博物院、內政部、本院工程會 1.故宮南院為拍馬屁匆促開館 去年12月16日馬英九前總統在視察南港國家生技園區時，曾舉故宮南院為例，「剛開始工程發包由故宮負責，接連發生14件工程爭議後，改由營建署接手代建，速度馬上加快，兩年下來，月底前就可以試營運了」。事實是為了不讓馬英九承諾的開館日期跳票，南院包商日夜趕工，營建署屢屢同意施工廠商變更設計和工法以縮短工期，媒體直擊開館試營運的前一日，展館內外仍在趕工。12月28日，故宮南院如期開館，當日馮明珠前院長當著馬英九前總統、吳敦義前副總統及毛治國前院長的面邀功：「毛院長，您應該獎勵我們」，並稱工程如期完工，也沒有追加任何預算。為怕馬英九的政見跳票而匆促開館的結果，恐會讓南院成為桃機翻版。 2.封閉售票大廳進行防漏工程，意圖對外封鎖消息 牛皮總是會在臨界點的某一刻被吹破。今年1月3日的一場雨，就讓故宮南院建設缺失現了形，售票大廳通往廁所的玻璃帷幕漏水，宛如小型版的桃機淹水災難景象，整排的水桶就擺放在新穎的場館裡承接著外頭飛濺而入的雨水。不論是代辦工程的營建署，或是業主故宮，對於漏水的原因守口如瓶，直到4月初，終於紙包不住火，營建署要求進行拆除大廳所有的環樑進行檢測和防漏工程，必須封閉售票大廳，周遭搭建大型鷹架施工兩個多月，兩個機關原本想偷偷摸摸進行（4月11日至6月19日），把售票亭移到一樓，更改參觀動線，並將試營運日期延至六月底（雲嘉南民眾入場不收費），直到消息走漏才被迫開記者會公告周知。 3.工程再次延宕，隱而不宣 今天是6月21日了，請問營建署，防漏工程完工日期是否確定跳票？原定工程未如期完工，是否已向內政部和行政院呈報延宕原因？據本席掌握的消息，營建署和故宮本來就無法確定能否在六月底完工，信口開河給了完工日期，因為防漏工程必須「看天吃飯」，一但遇到雨天，工程就被迫暫停，無法塗上防水膠，焊接工作也難以進行。這70天工期遇上嘉義下起大大小小的雨（20天），完工日期必須再往後延。營建署樂觀預估將在8月底完工，試問，7、8月將進入颱風季，降雨的機率不低，屆時工程能否順利在8月底完工，仍是未定之天。 4.營建署和故宮以拖待變，欺上瞞下 故宮和營建署打算將試營運日期往後延到8月底，已經函請行政院同意了嗎？除了影響旅客的參觀意願，這也意味雲嘉南民眾入場將繼續免費，門票費用將持續減收，是否會影響歲入金額？若屆時防漏工程還是無法完成，試營運日期是否會一延再延？政府的威信何在？本席還是自己發函給故宮詢問完工日期，從回函中才發覺此事，主動詢問營建署南工處，負責人員稱「這一兩天會發新聞稿通知各界工程延期」，院長，政策延續產生的風險，新政府可以概括承受，但不是任憑業務單位亂搞，必須把馬政府時期掉光光的螺絲徹底鎖上。 為了拍馬屁趕著開館，國家為此付出多少代價？有些代價是有形的，如門票和工程費用；有些代價是無形的，一個國際級的博物館，館舍場內場外仍在施工，展廳和展櫃還沒完成驗收，看在國內外遊客眼中，豈不是丟盡國家的臉？ 5.一個月提送檢討調查報告，追究相關人員的責任 本席要問林院長和葉部長，這樣荒唐的情形該不該究責？官員為了自己的烏紗帽，要求廠商趕工，卻把工期延宕和工程品質差的責任全推給廠商，動輒罰款，主事官員卻不需負責。另外，建議院長不妨親自到南院參觀，南院偌大的園區，要進到博物館主體建築要走上好一段路，對於老弱婦孺極為不便，沿途也沒有任何遮陽躲雨的設施，夏日步行入館可能引發中暑，若搭接駁車一趟要50元，來回要100元，若全家老少一同出遊，進入館舍前就要花幾百塊的車資，這是我們要追求的文化平權、親近文化館藏的作為嗎？ 故宮南院是南部民眾期待已久的國際級博物館，珍藏和展出許多寶貴的文物，營建署既然攬下代建的工作，理應堅守工程品質，維護文物及遊客的安全。本席要求 在一個月內完成調查報告，釐清並追究營建署和故宮相關單位的責任。 二、正視毒品進入校園危害青少年身心的問題 內政部、教育部、法務部、衛生福利部 1.第三級毒品氾濫，侵入國中小校園 104年今周刊曾進行訪查，一位國中校長向記者透露，「現在的國高中生，恐怕有將近三分之一甚至更多，都有碰過毒品。如果吸K他命要送強制勒戒，校園會少掉一堆學生！」法務部矯正署台北少年觀護所副所長許國賢指出，取得容易、價格相對低廉的K他命、一粒眠等第三級毒品需求大幅成長，施用者年齡也有下探趨勢。 103年政府查獲的毒品總量為歷年新高，其中來自中國的K他命高達三千公斤，比例佔了七成；警政署數據顯示，過去十年青少年涉及三級毒品人數成長十五倍；教育部統計，103年有1,700名學生被通報藥物濫用，有九成是使用三級毒品。而K他命是台灣當前最「流行」、也最常被青少年濫用的毒品。 此外，根據教育部統計，103年接獲各級學校通報1700起學生吸毒，其中高中職1031例（占60.6%）最多，其次是國中582例、大專79例及小學8例。學生吸食毒品以施用3級毒品（如K他命）最多，多數於校外發生（約占92%），而毒品來源有98%來自校外人士。 2.警政署嚴厲查緝，但去年查獲第三級毒品數量卻大減 根據「104年警察機關查緝毒品概況」，查獲違反毒品危害防制條例計4萬9,843件，較103年同期增加29.9%；查獲毒品重量計10,184.1公斤，較103年同期增加51.7%。同期查獲毒品嫌疑犯5萬4112人，較103年增加31.1%。查獲毒品件數以新北市查獲9,027件最多，台北市查獲5,935件次之，桃園市5,198件再次之，查獲毒品重量以高雄市2,558.9公斤最多，台南市2,121.3公斤次之。 本席仔細看了統計數據，查獲毒品呈現地域性差異，台南市和高雄市所查獲兩千公斤以上的毒品，幾乎都是第四級毒品，但查獲的件數其實只有14件和5件，亦即，第四級毒品每件查獲的重量較高。對比下，第二、三級毒品的查獲件數雖多，但實際查獲的數量卻不多。 104年查獲毒品重量最多的是第四級毒品6,776.10公斤，佔總查獲量66.53%，比103年2,226.57公斤增加204.33%，104年查獲第三級毒品3,266.23公斤，佔總查獲量11.37%，卻比103年1,158.69公斤減少64.53%，104年第二級毒品查獲數量2,133.98公斤，佔總重量20.95%，比103年成長94.68%。 3.跨部會整合，擬定阻斷毒品進入校園的計畫 我們知道目前毒品十分氾濫，吸毒年齡層也不斷下降，青少年吸食第二、三級毒品的情況嚴重，警政署稱查獲件數和查獲毒品重量增加係全國同步查緝毒品專案行動具有一定成效，及第二、三及四級毒品增列項目所致。對照上面的數據，警政署所謂具有一定成效，是因查獲第四級毒品數量暴增，反倒外界所熟悉嚴重氾濫的第三級毒品k他命、FM2強姦藥丸，查獲數量大減2100公斤，究竟是吸毒者為降低刑責改吸食第四級毒品？還是第四級毒品取得較容易或價格較便宜？ 警政署應該要針對實際對青少年造成嚴重危害的毒品進行全面查緝，而非拘泥於查獲件數和重量的表面數據，毒品對於身心的危害甚鉅，也是過去組織犯罪依賴的經濟命脈，本席 要求警政署能盡速和教育部、衛福部和法務部等部會研議，進行跨部會合作，擬定計畫，落實阻斷毒品進入校園，以降低青少年接觸毒品的機率。 附註； 若以縣市作為區別： 1. 件數：104年查獲第一級毒品件數以新北市1,745件最多、高雄市1,647件居次、桃園市1,492件居第三；查獲第二級毒品件數以新北市6,809件最多、臺北市4,583件居次、桃園市3,261件居第三；查獲第三、四級毒品及其他毒品件數以新北市查獲473件最多、桃園市436件居次、臺北市344件居第三。 2. 重量：104年查獲第一級毒品重量以臺北市22.16公斤最多、新北市13.47公斤居次、臺中市9.72公斤居第三；查獲第二級毒品重量以新北市619.40公斤最多、桃園市173.32公斤居次、臺北市165.34公斤居第三；查獲第三級毒品重量以高雄市334.36公斤最多、臺北市228.42公斤居次、臺中市204.27公斤居第三，四級毒品及其他重量以臺南市查獲2,079.21公斤最多、高雄市2,054.17公斤居次、基隆市607.37公斤居第三。","2. 重量：104年查獲第一級毒品重量以臺北市22.16公斤最多、新北市13.47公斤居次、臺中市9.72公斤居第三；","https://query.ey.gov.tw/legisWeb/webQuery.aspx?sys=620&funid=lglistnew&term=9&ses=1&srltype=2&leg=&unit_id=&senddatef=&senddatet=&seqf=30&seqt=30&keyword=&max=300&outmode=0","https://query.ey.gov.tw/legisweb/html/9_1_34_30.htm","UNVERIFIED","d401ba4589fddc35f341dd82791e0161fafe18610645c25f4ffccb7d2c010258","2026-08-14T01:39:50+08:00"
"9-2-21-7","9","2","專案","7","105/09/30","許淑華","內政部(組改前) 、 交通部(組改前) 、 行政院國土安全辦公室","LOCAL_MENTION","DIRECT","警察｜派出所｜鐵路警察","FULLTEXT","本院許委員淑華，針對台鐵車廂爆炸案，幸而很快破案，撫平社會驚疑；但這起孤狼式的自殺攻擊事件也明白揭示：公共運輸與公共場所安全的提升，刻不容緩；社會安全網的補綴，更要標本兼治。爰此，特向行政院提出質詢。","(４)防爆毯目前設置於鐵路警察局及臺北、桃園、新竹、苗栗、臺中、彰化、斗六、嘉義、臺南、高雄、屏東、宜蘭、花蓮及臺東等站之鐵路警察局各分駐所(派出所)，以利就地緊急時使用。","https://query.ey.gov.tw/legisWeb/webQuery.aspx?sys=620&funid=lglistnew&term=9&ses=2&srltype=1&leg=&unit_id=&senddatef=&senddatet=&seqf=7&seqt=7&keyword=&max=300&outmode=0","https://query.ey.gov.tw/legisweb/html/9_2_21_7.htm","UNVERIFIED","432cbd324de0ce20549a7233b03bf0efabae14129ab78661f80339c6c725b0e8","2026-08-14T01:39:50+08:00"
"9-2-21-18","9","2","專案","18","105/09/26","許淑華","內政部(組改前) 、 交通部(組改前)","LOCAL_MENTION","DIRECT","警察｜派出所｜鐵路警察","FULLTEXT","本院許委員淑華，針對台鐵列車週四晚上自台北市松山站進站前，發生車廂爆炸事件，造成二十多人輕重傷，震驚全國。雖然已被警方排除是恐怖攻擊，但爆裂物的犯罪事件對社會人心的衝擊不小，也對台灣長期以來治安良好的形象與聲譽，帶來不利影響，要求行政院責成所屬相關機關未來在像台鐵這樣的重要公共運輸載具上的安全作為，必須設法強化，才能確保國人行的安全。爰此，特向行政院提出質詢。","４、於臺北、桃園、新竹、苗栗、臺中、彰化、斗六、嘉義、臺南、高雄、屏東、宜蘭、花蓮及臺東等站之鐵路警察局各分駐所(派出所)設置防爆毯，以利就地緊急時使用 (三)在民眾宣導方面： １、宣導旅客不得隨身攜帶危險物品上車之規定及處置作為，如違反規定，鐵路機構得令旅客退出站、車或鐵路區域。","https://query.ey.gov.tw/legisWeb/webQuery.aspx?sys=620&funid=lglistnew&term=9&ses=2&srltype=1&leg=&unit_id=&senddatef=&senddatet=&seqf=18&seqt=18&keyword=&max=300&outmode=0","https://query.ey.gov.tw/legisweb/html/9_2_21_18.htm","UNVERIFIED","c6d7f6333284c24603a0503349d3415aff4845438c2703943554a16d9b14a2ce","2026-08-14T01:39:50+08:00"
"9-2-22-544","9","2","專案","544","106/01/16","周春米","內政部(組改前)","LOCAL_MENTION","DIRECT","警察｜警政｜刑事警察","FULLTEXT","本院周委員春米，針對日前發生台中市某少年殺害同胞妹姝之憾事，引起社會震驚。由於加害人與被害人均未成年，政府各權責單位處理本案相關事宜時，本應更加審慎小心，以維護當事人權益，及避免後續可能的模仿效應。惟近日竟有本案警方人員向媒體詳細描述加害人特徵、犯罪現場與案發經過，不但違反偵查不公開原則，也對當事人造成二次傷害，更可能對於案情產生不當渲染擴大的影響。行政院應就本案進行徹查，並就失職人員進行懲處及再教育，特向行政院提出質詢。","周委員針對日前發生台中市某少年殺害同胞妹妹之憾事，引起社會震驚，要求應就本件進行徹查，並就失職人員進懲處及再教育之問題所提質詢，經交據內政部查復如下： 一、為督促各警察機關落實偵辦案件遵守偵查不公開原則，本部警政署建立監看查處機制，由該署勤務指揮中心及刑事警察局每日「監看」電子及平面媒體報導，主動發掘查處各警察機關違反偵查不公開情事，發現有疑似違反規定，均立即主動查處，105年1月至11月共計交查76件(其中查屬違反規定39件、處分人數40人)。","https://query.ey.gov.tw/legisWeb/webQuery.aspx?sys=620&funid=lglistnew&term=9&ses=2&srltype=1&leg=&unit_id=&senddatef=&senddatet=&seqf=544&seqt=544&keyword=&max=300&outmode=0","https://query.ey.gov.tw/legisweb/html/9_2_22_544.htm","UNVERIFIED","1a2971b5835548552242be36dd5365ab529ccacbcf2d0f99b0489c3984e52771","2026-08-14T01:39:50+08:00"
"9-3-22-3","9","3","專案","3","106/03/01","陳學聖","內政部(組改前)","LOCAL_IMPLEMENTATION","DIRECT","警察｜警員｜警局","FULLTEXT","本院陳委員學聖，鑑於內政部警政署公佈至2015年底統計，桃園市警察局編製預算員額4,032名，但實際編員僅有3,615名，缺了417名，警民比為1：617，等於是一位警員就要服務617位市民，這比例是六都中表現是最差的。相對於台灣地區總體平均1：359，整整高出61.6%。為此，特向行政院提出質詢。","陳委員就桃園市警察局補足員額問題所提質詢，經交據內政部查復如下： 一、現行地方警察機關員額設置基準，是以轄區人口核算設置員額，再分別依面積、車輛數及犯罪率核算增置員額，直轄市政府警察局編制員額及統計至106年1月31日止之預算員額、預算缺額人數與警民比例，臚列如下： (一)臺北市警局編制員額9,943人、預算員額8,142人、現有員額7,548人、缺額594人、缺額比例7.30%、警民比例1：382 (二)新北市警局編制員額11,068人、預算員額7,897人、現有員額7,520人、缺額377人、缺額比例4.77%、警民比例1：547 (三)桃園市警局編制員額5,714人、預算員額4,032人","https://query.ey.gov.tw/legisWeb/webQuery.aspx?sys=620&funid=lglistnew&term=9&ses=3&srltype=1&leg=&unit_id=&senddatef=&senddatet=&seqf=3&seqt=3&keyword=&max=300&outmode=0","https://query.ey.gov.tw/legisweb/html/9_3_22_3.htm","UNVERIFIED","f0bc965b9419cbc46fcd0316bdd940c7f5e6c0d11d2407ce227f8da41e040cc4","2026-08-14T01:39:50+08:00"
"9-4-34-9","9","4","施政質詢","9","106/11/29","尤美女","內政部(組改前) 、 交通部(組改前) 、 外交部 、 法務部 、 勞動部 、 行政院人事行政總處","LOCAL_MENTION","DIRECT","警察｜警政｜警方｜刑事警察","FULLTEXT","質詢時間：中華民國106年10月20日立法院第9屆第4會期第5次會議 對行政院院長報告施政方針之質詢 尤美女 內政組 主題一：保障在台外籍移工人權，共創新南向友好契機 內政部、勞動部、外交部、本院人事行政總處、法務部 這一年多來，我們看見政府在新南向政策上的努力，不但成立新南向辦公室、設置新南向政策專網，最近還舉辦了首屆新南向大型區域對話「玉山論壇」，以上都可以看見政府在新南向政策上，以人為本的用心。但是與民眾最接近、共同生活在台灣這塊土地上的東南亞外籍移工，他們卻在這塊共同打拼的他鄉，遇到了許多問題，其中有關勞動權益方面的為最大宗。這次我先不談勞動議題。外籍移工在台灣是屬於資源比較缺乏，也較為弱勢的群體。我想關注的是，當台灣政府不同部會在跨系統銜接上出現問題，以及標準作業程序（SOP）上出現問題時，其實對這些外籍移工影響最大，如果不慎，甚至有可能會引起國際人權爭議，這也是我想要跟院長建議的部分。 一、檢視現行制度問題：讓我們從一個實際的案例開始，由這個案例來點出政府跨部門運作上的一些問題：外籍移工A來台灣工作約二個月，某天晚上在公司外面與朋友聊天被雇主看到，雇主便強迫A返國，並替A買好返國機票。但A並不想回國，因此在機場時就離開並尋找台灣的移工權益團體協助。團體接獲並安置A後，馬上通報勞動部1955緊急安置，也登錄勞動部「外國人安置管理資訊系統」，並等待勞工局通知召開勞資爭議協調會。但勞工局表示，因為雇主已通報A行蹤不明，所以不能召開協調會。某天A到安置中心附近的便利商店購物時，遭警察盤查，甚至在安置中心人員的說明後，仍將A以「未註銷行蹤不明」為由，將A押送至移民署專勤隊的收容所。外籍移工A所遇到的，其實是目前蠻常見的狀況。各部會為了管理在台的外籍人口，設置了許多系統，原本立意良善，但是在此事件中，就可看出各部會不同系統間難以銜接的問題。我接下來會先一一檢視目前勞動部、警政署、移民署的系統中，分別如何去處理「逃跑」移工的問題。 (一)系統中「被逃跑」的移工：勞動部應強化註記前之查核：在上述的案例中，團體在接獲外勞求助後，就已先通報1955專線與勞動部並安置，而雇主則是之後才依《就業服務法》第五十六條（註1）規定，通報移工行蹤不明。但主管機關收到行蹤不明時，卻沒有先比對1955和外國人安置管理資訊系統的資料，而是接到雇主通知就直接將移工登記為「行蹤不明」。這個案例只是冰山一角，甚至，有些被標記為逃跑外勞的移工，事實上並沒有「行蹤不明」，而是處於職災休養期，住在公司宿舍內，卻被不負責任的雇主通報為行蹤不明；有些則是面臨勞資爭議的移工，已經由政府委託的民間安置中心收容，也向勞動部通報接受收容，但遭雇主通報「行蹤不明」後，被註記為逃跑外勞。勞動部在受理雇主的通報時，並沒有要求雇主舉證，也沒有加以查核，僅憑雇主單方的說法就將移工註記為「行蹤不明」，造成許多實際上並非行蹤不明的移工，在系統上卻顯示為行蹤不明。這些移工被註記為逃跑外勞之後，可能導致他們遭勞動部廢止聘僱許可，有勞資爭議在身的移工甚至沒有辦法參與勞資協商，嚴重影響其勞動權益。勞動部應該要加以檢討，修正目前受理雇主依《就業服務法》第五十六條通報移工行蹤不明的作法，強化查核工作，而非僅是以事後發現謊報可能涉及的罪責來警示（註2），因為那些罪責其實都只是亡羊補牢，主管機關在為行蹤不明註記前的事前查核更為重要。 (二)「逃跑外勞」註記容易撤銷難：勞動部應盡速發布函釋，放寬撤銷要件：移工一旦被註記為行蹤不明，要撤銷註記非常困難。目前撤銷移工行方不明註記的方式，依1995年勞動部發布的函釋，只有一種情形可以撤銷：移工在作成註記後的30天內回到原雇主處，雇主願意盡釋前嫌繼續僱用，外勞也願意返回工作，才可以撤銷註記。然而，這個唯一的撤銷方式有相當大的盲點：如果勞資雙方已有爭議，雇主怎麼會願意再繼續聘僱？而勞方怎麼敢再回去雇主處？制度的不完善，可能會製造出更多的「被逃跑」外勞，也可能會淪為勞資糾紛報復的工具。台灣國際勞工協會（TIWA）曾參與勞動部召開之研商會議，會上勞動部承認現行撤銷註記的方式有缺陷，並承諾將再發布函釋修改，只要勞工於被逃跑期間向主管機關、1955、各國辦事處、安置單位求助，就可註銷逃跑紀錄（註3）。然而經過一年有餘，勞動部在今年七月對外公開說明的函釋研議方向，卻是必須符合「原僱主不同意繼續聘僱，或是外勞不願返回原僱主處，且可舉證是僱主有具體違法事實者，經地方政府查證屬實」，才能夠註銷逃跑（註4）。勞動部這個研議方向的問題是，雇主違法必須由移工舉證，但是一個移工要知道雇主是否違法，前提是移工必須要知道台灣的法律是怎麼規定的，我們如何可能期待移工了解雇主在什麼樣的狀況下違了法？而且還必須在受雇期間蒐集到違法的證據？勞動部的研議方向，所設定的要件對移工是非常嚴苛。另外一個更根本的邏輯問題是，若該名移工都已經去找主管機關尋求協助了，就已經是出現了，怎麼還會是「行方不明」？如果回到《就業服務法》行方不明通報規定的目的，當今天移工已經被安置了，或已經出現在各國辦事處等地方求助，若仍然註記行方不明，則明顯有邏輯矛盾。因此，勞動部應該要研議更務實的做法，移工只要於被註記行方不明期間向主管機關、1955、各國辦事處或安置單位求助，就可註銷逃跑紀錄，由安置方負起管理責任，並可由安置中心協助通報撤銷「行蹤不明」的註記，不用再回到原雇主處、由原雇主繼續聘僱，雇主違法也並非必要前提，這才是比較合理且也符合人性的作法。 (三)內政部警政署押送移工之流程違反人身自由保障，應修正執行程序：但在前面移工A的案例中，警察盤查移工A時發現有被勞動部註記「行蹤不明」，所以就算安置中心人員說明已對個案進行安置，但仍被押送至移民署專勤隊進行強制收容。查緝外勞的部分，2007年立法院修正《入出國移民法》時，賦予內政部入出國移民署執行查察逾期停留、居留、非法入出國、收容或遣送職務時，得配帶戒具或武器的完整司法警察權。因此查緝外勞的業務應該要回歸到移民署，而非編專案算積分鼓勵一般員警來執行。就算要由警察來協助執行此業務，從移工A的例子也顯示出目前「行蹤不明」系統（註5）與「安置」系統（註6）是兩個沒有連線也缺乏整合的系統。而在地方警察大隊發現個案時，也沒有先去查看這兩個系統中登錄的資料，而是先行押送。人身自由是重要的基本權利，為人類一切自由、權利之根本，任何人不分國籍均應受保障，此為現代法治國家共同之準則。我國憲法第八條關於人身自由之保障亦應及於外國人，使與本國人同受保障，大法官釋字第708號理由書已清楚敘明。押送涉及人身自由的基本權利，警政作為第一線執行的單位，未對移工的實際情況進行了解就直接押送的作法，更是違背了憲法對人身自由的保障。警政署應該檢討目前先行押送的實務作法，建立以移工情形查核為押送與否之前提的程序。 (四)內政部入出國移民署應落實收容必要性的實質審查，並強化替代收容：如前所述，人身自由是重要的基本權利，大法官釋字第708號亦已清楚指出我國憲法第八條關於人身自由之保障亦應及於外國人。入出國及移民署（以下簡稱移民署）對遭註記為行方不明的移工，所進行的暫予收容處分，係於一定期間拘束受收容外國人於一定處所，使其與外界隔離，亦屬剝奪人身自由，係嚴重干預人民身體自由之強制處分。因此移民署為此強制處分，應符合基本權保障原則，除了應該遵守干預保留之依法行政原則，行政權之行使亦應符合比例原則，謹守均衡性、必要性及適合性原則。依《入出國及移民法》第38條之規定，由移民署收容之前提為外國人受強制驅逐出國處分，有該條第一項所列各款情形之一，且不予收容顯難強制驅逐出境。因此移民署應先證明何以非得收容該當事人，有收容之必要性才能由主管機關進行收容。然而，目前移民署的作法卻是相反，先逕行將須被遣返者收容，受收容人反得透過提出異議或是提審的方式才能主張自己的人身自由權。這種本末倒置的狀況，顯示出移民署對於收容對外國人人身自由之侵害缺乏意識，以致無從以限制人身自由為最後手段性之思維出發，才屢以收容作為優先做法。移民署的作法長期為人權團體所批評（註7）。以前面所舉的移工A例子來說，移工A被通報安置早於行方不明之通報，且安置於移工團體多月，皆未有行方不明或逃逸之虞，實在礙難認定移工A之情況符合暫予收容之前提要件，當移工A被押送到移民署手上時，移民署在認定該名移工是否符合收容的前提上，也未經查證即逕處以收容處分。即使移民署認為仍應該要予以收容，那麼也應該要謹守侵害最小原則，擇取對人民權利侵害最小之手段，亦即以《入出國及移民法》第三十八條（註8）第二項之收容替代處分為優先。所謂的「替代收容」即為透過社區安置的方式來替代主管機關的集中收容，以降低對當事人人身自由權利的侵害，周全基本權利保障。目前在外國人收容安置的工作上，移民署有與民間團體合作，委託民間團體設置的安置中心協助政府進行安置，《入出國及移民法》第三十八條第二項也給予移民署行政裁量的空間，得予以收容替代處分。但是有關收容替代的規定，卻未為第一線人員優先執行，甚至該法第三十八條之一（註9）的規定反而架空了移民署的行政裁量。面對將遭驅逐出境的外國人，移民署應檢討目前的收容作法，落實收容必要性的實質審查，並強化替代收容的措施，根本地以替代收容來取代移民署的集中收容方式。 (五)行政院應建立跨部會整合的通譯考訓用機制：截至去年底在台工作的外籍移工人數總數高達62萬4768人（註10），而根據內政部統計，外籍配偶人數至105年底已累計達17萬827人（註11），兩者人數相加已經接近80萬人，他們已經是我們社會的一部分，且都可能遇到需要通譯的情況。過去我與許多立委都多次邀集部會召開過通譯公聽會，各部會、民間團體、專家學者以及實際在各部會擔任通譯的人員，都認為目前我國通譯的培訓與使用有待改善。通譯質量的良窳高度影響當事人的權益，過去我國曾經發生過不少悲劇，甚至使移工或新移民喪失生命，不論是在媒體的專題報導中，或是監察院的報告中，每一個報導和報告，這裡面的數字，每一個都是外籍移工血淋淋的生命和悲慘的經歷，在許多案例中我們也可以發現，如果通譯制度建立良善，就能夠避免很多悲劇的發生。目前在內政部移民署有通譯人才資料庫，警政署也在建置中，但事實上就是簡單的名冊功能，讓該機關去查找使用，目前各部會的通譯名冊大概都是如此。過去我與蔡培慧等多位委員不斷提出要求，都是希望可以逐漸朝向跨部會資源共享，包括各部會各自做的通譯名冊整合，更重要的是背後的訓、考、用機制也需要整合，因為我們發現不同機關的落差實在太大了，這種狀況造成的結果就會是外籍人士在不同地方遇到事情，所能得到的通譯服務品質完全不同，不拉齊的話，如去年被新聞報導和監察委員揭露的福賜群號漁工遭虐致死案，因為通譯不良而讓該負起責任的雇主不起訴的事件，大概只會繼續不斷發生。我們知道，從上游政策到下游執行，甚至到後端的審檢，都需要通譯，否則很難能從根本去處理問題。所以，跨部會的資源盤整，以及考訓用機制建置，實在非常必要。例如目前不同機關都會各自辦通譯初階跟進階課程，基本上經過培訓，有基本的雙語能力、通過基本的檢測，就會列入各機關的通譯名冊。但是不同機關的培訓落差非常大，如司法院要求通譯必須受22小時培訓，且兩年要回訓一次，法務部只有4小時培訓，而警政署雖然是警政主管機關，但基本上將自己定位為「配合移民署的執行單位」，因此對警政單位的通譯培訓相對消極，各地方警察局對通譯或外事警察的培訓，事實上是各地方政府剛好有課程，地方警局就派外事警察或通譯去上，有些地方甚至一年只有三小時的人口販運工作講習。再從另外一個角度觀察，不同機關的培訓有些部分是重疊的，像是有些基礎課程，如通譯的基本能力、基本理念、專業倫理，不論是勞動、衛福、司法，這些不同的制度領域，前端的培訓課程基本上是相同的，因此我們可以看見不同單位都各自在做性質相類似的培訓課程。如果今天有個通譯他本來就是地檢署的通譯，受過地檢署的訓練，然後想多服務一些人，又去應徵司法院的通譯，又要受一些重複的訓，這不就是一個資源的浪費嗎？我們可以理解不同機關在比較進階、專業的部分是需要不同的通譯訓練，但這些基礎的部分是共通的，應該可以做到一定程度的整合，減省各機關重複投入的人力資源。通譯其實是一個基本的程序保障，沒有程序上充分的權利保障，就不可能保障當事人的實體權利，但從上面的例子可以看到：通譯在不同環節、不同單位的現況落差非常大，過去許多的悲劇在我們的體制中都是有跡可循。另一方面，一些很基礎的、共通的部分卻又重複投入資源，事實上並不合乎行政效率。因此，我們希望可以整合各部會，有個完整的通譯系統，這個系統不只是很簡單的資料庫共通，重要的是背後訓、考、用機制的整合，例如前面提到的基礎課程共通，另外再針對特殊需求來追加專業課程，短期內如果還沒有辦法建立一個統合的專責機制的話，至少短期可以做的是互相承認學分，例如通譯人員上過法院講習後，只要再接受檢方要求的某些講習，就可以成為檢方的特約通譯，又或者是通譯人員上過檢察署的某些基礎課程後，只要再追加上一些移民事務課程，就可以成為移民署的通譯。特別是，目前警察機關使用通譯的情形，警政署的自我定位相當侷限，認為自己是配合移民署，警政階段通譯相關的問題應由移民署負責，因此沒有太多改善的方向或想法，但警政單位卻又是第一線處理案件、面對當事人，可說是最前端的處理機制，是非常重要的環節，要如何改善這樣的狀況，需要再多投入心力來處理，而若能建立起跨部會整合的考訓用機制，對於這些資源有限的執行機關，將會有相當的助益。長期以來許多公民團體關注通譯制度的建立，甚至提出通譯法制化、資源整合的訴求。通譯法制化是一個建制的過程，讓國家有法源可以投入資源，也協助相關的機制可以盡快上軌道，是個需要也值得努力的方向。希望行政院正視這樣的需求，建立起跨部會整合的通譯考訓用機制，至少在短期內應優先建立起跨部會協調的平台，處理各個機關因為組織慣性而難以橫向連結、合作的困境。 二、結論與要求：台灣走向少子化高齡化社會，當低階勞動市場中出現缺口，長照資源又未普及的情況下，需要引入大量的外籍移工。當然，外籍移工來台工作是為了賺錢，但是台灣也是因為有他們這些勞動力的注入，才能支撐起整體的建設與社會的需求，所以在這個面向，我們要感謝這些來自東南亞的移工朋友。在一開始所說的故事，開端其實是因為移工A在公司外與朋友聊天，雇主便以此為由，不給其機會便要解聘他。這才是所有移工故事的根源，就是勞雇關係的不對等。如果政府只想用擴大加強查緝逃跑外勞的方法，而不根本去解決移工勞動條件的問題，那是治標不治本的方法。最近也有許多基層警察人員在媒體上投書，認為政府將逃跑外勞的解方都推給基層的員警，已經造成基層警力很大的負擔與浪費。（註12）所以最根本的解決之道，應該是從政策的源頭開始找解方，透過良善的制度設計與修法，讓外籍移工享有自由與尊嚴，能夠有合理的勞動條件與環境，同時也不需要去擔心勞動權益和人身自由的基本權利受到剝奪或侵害，安心在台灣貢獻所長，台灣也能在東南亞友邦間贏得人權立國的美名，這才是創造雙贏。每一個案件都是一個人的生命，有些悲劇我們難以挽回。但是，如果政府有心要改革，其實這些案件也都可以成為警惕自己的故事。 最後，我整理一下，提出幾項建言，希望院長與相關單位能夠採納。 內政部、勞動部、外交部、本院人事行政總處、法務部 首先，政府應該積極研議能讓外籍移工享有自由與尊嚴的合理勞動法規與制度，例如合理的自由轉換雇主。 第二，應檢討由警政系統查緝外勞的作法，相關業務應回歸移民署辦理。假使仍有一定程度的業務需由警政單位處理，則警政署應檢討押送移工之流程，應修正執行程序，以保障人身自由權。 第三，應檢討逃跑外勞相關事務的標準作業流程，避免移工因系統性的問題而「被」行蹤不明，具體措施包括： (一)勞動部應強化註記前之查核。 (二)勞動部應盡速發布函釋，放寬撤銷行蹤不明註記之要件。 第四，內政部入出國移民署應落實收容必要性的實質審查，並強化替代收容。 第五，行政院應盡速建立跨部會整合的通譯考訓用機制，以有效運用通譯資源，保障移工與新移民人權。 主題二：為犯罪偵防，刑事警察局建Etag資料庫有效嗎？合憲嗎？ 內政部、交通部、法務部 隱私權是我國憲法明文保障人民應享有的基本權利。民國94年，內政部換發身分證時曾要求全民按捺指紋，而引發爭議，最終由立法院內立委共八十五人聯名聲請大法官解釋，作成釋字603號。按釋字603號解釋文所揭示，人民享有資訊隱私權，其中個人自主控制個人資料權利的內涵包括：「人民決定是否揭露其個人資料、及在何種範圍內、於何時、以何種方式、向何人揭露之決定權，並保障人民對其個人資料之使用有知悉與控制權及資料記載錯誤之更正權。」鑒於指紋之特殊性，釋字603號亦明文：國家機關如須建立指紋資料庫，必須具特定重大之公益目的，且以法律明定，蒐集之資料亦須與目的達成間有密切的必要與關聯性，也應明文禁止法定目的外使用。另為完善個人資料的保護，民國99年立法院重新修訂個人資料保護法（下稱：個資法），其中規定了公務機關及非公務機關蒐集、處理、利用個人資料的法定要件，如個資法第15條、第16條、第19條及第20條。惟查，今年5月起，內政部警政署刑事警察局斥資4000萬元建立「涉案車輛巨量情資分析平台」，根據刑事警察局「涉案車輛巨量情資分析平台」徵求說明書中的資料：刑事警察局預計在六都（台北市、新北市、桃園市、台中市、台南市與高雄市）共153的點、344個車道上，搭配現有的涉案車輛查緝網的車牌辨識系統，架設Etag感應器，讀取經過車輛的資料後存入Etag行車資料庫，並由高公局提供車輛Etag相關資料建立特定車輛情資系統予以比對、通報，以達到警方犯罪偵防之目的。然而，該偵防系統要能達到目的，須仰類國內大多數車輛均裝有Etag標籤，且不論是一般善良市民或有心危害社會秩序安全的人士皆有裝設。我國車輛申裝Etag的普及率雖然超過80%，但裝設Etag並非法定強制規範，干擾、破壞Etag標籤亦無刑責相繩，一旦有心人士對於警方偵蒐Etag行車紀錄知情，僅須不裝設Etag或在違法後將Etag標籤撕毀，此偵防系統將無用武之地，反而變相成為蒐集無辜路人的個資巨獸。警政署刑事警察局在今年四月「涉案車輛巨量情資分析平台」採購案決標後，民進黨籍立法委員鄭運鵬及時代力量立法委員徐永明旋即共同召開記者會，質疑此系統之有效性及侵害個資的疑慮。顯見警政署刑事警察局架設「涉案車輛巨量情資分析平台」已非秘密，則此一斥資4000萬之系統能否達到建置目的，有所疑義，為使國家資源妥適利用，建議警政署刑事警察局應予以說明建置該系統的必要性及適當性。 其次，根據國人與遠通電收的電子收費服務契約，國人裝設etag之目的是為了國道電子收費使用，其個人資料並非提供給刑事警察局用於犯罪偵防。刑事警察局在未全面告知裝設Etag者，其基於犯罪偵防有蒐集個資之需求，即建立蒐集系統，是否符合個資法第5條前段：「個人資料之蒐集、處理或利用，應尊重當事人之權益，依誠實及信用方法為之」之規定？再者，釋字603號解釋文及個人資料保護法第15條亦明載公務機關大規模蒐集個人資料及建立資料庫時應遵守的法定要件，為避免社會大眾對於該偵防系統有違憲、違法的疑慮，建議警政署刑事警察局應予以說明大規模蒐集全民Etag資料、建立資料庫的合憲性與合法性。 註釋： 註1：第56條受聘僱之外國人有連續曠職三日失去聯繫或聘僱關係終止之情事，雇主應於三日內以書面通知當地主管機關、入出國管理機關及警察機關。但受聘僱之外國人有曠職失去聯繫之情事，雇主得以書面通知入出國管理機關及警察機關執行查察。 註2：勞動部勞動力發展屬跨國勞動力管理組（106/09/28發布）〈雇主謊報外籍勞工行蹤不明觸法惹刑責〉，網址：https：//goo.gl/D1HRDq（瀏覽日期：2017/10/19）。 註3：參見：陳容柔（2017年8月2日）〈通報容易註銷難─外籍移工被逃跑〉，網址：https：//goo.gl/Vc7A37（瀏覽日期：2017/10/19）。 註4：參見：蘋果日報（2017年07月28日）〈僱主謊報外勞逃跑卻無法撤銷勞動部承諾改善〉https：//goo.gl/mUV3dF（瀏覽日期：2017/10/19）。 註5：雇主聘僱之外國人若發生連續曠職3日失去聯繫時，依《就業服務法》第56條、第68條，以及雇主聘僱外國人許可及管理辦法第45條規定，雇主應於前述情事翌日起3日內以書面通知當地主管機關及警察機關並副知中央主管機關。 註6：勞動部設置之1955緊急安置、勞動部設置之「外國人安置管理資訊系統」 註7：參見：陳靖涵（2015/01/27）〈移民署務必實質審查〉，網址：https：//goo.gl/G2MFTn（瀏覽日期：2017/10/19）。 註8：第38條外國人受強制驅逐出國處分，有下列情形之一，且非予收容顯難強制驅逐出國者，入出國及移民署得暫予收容，期間自暫予收容時起最長不得逾十五日，且應於暫予收容處分作成前，給予當事人陳述意見機會： 一、無相關旅行證件，不能依規定執行。 二、有事實足認有行方不明、逃逸或不願自行出國之虞。 三、受外國政府通緝。 入出國及移民署經依前項規定給予當事人陳述意見機會後，認有前項各款情形之一，而以不暫予收容為宜，得命其覓尋居住臺灣地區設有戶籍國民、慈善團體、非政府組織或其本國駐華使領館、辦事處或授權機構之人員具保或指定繳納相當金額之保證金，並遵守下列事項之一部或全部等收容替代處分，以保全強制驅逐出國之執行： 一、定期至入出國及移民署指定之專勤隊報告生活動態。 二、限制居住於指定處所。 三、定期於指定處所接受訪視。 四、提供可隨時聯繫之聯絡方式、電話，於入出國及移民署人員聯繫時，應立即回覆。 依前項規定得不暫予收容之外國人，如違反收容替代處分者，入出國及移民署得沒入其依前項規定繳納之保證金。 註9：第38-1條外國人有下列情形之一者，得不暫予收容： 一、精神障礙或罹患疾病，因收容將影響其治療或有危害生命之虞。 二、懷胎五個月以上或生產、流產未滿二個月。 三、未滿十二歲之兒童。 四、罹患傳染病防治法第三條所定傳染病。 五、衰老或身心障礙致不能自理生活。 六、經司法或其他機關通知限制出國。 入出國及移民署經依前項規定不暫予收容，或依第三十八條之七第一項廢止暫予收容處分或停止收容後，得依前條第二項規定為收容替代處分，並得通報相關立案社福機構提供社會福利、醫療資源以及處所。 註10：https：//goo.gl/d4hFEJ（瀏覽日期：201/7/30） 註11： https：//goo.gl/nYDKxB（瀏覽日期：201/7/30） 註12：2017年02月22日，逮捕逃逸移工不該是警察業務，吳宗哲／台灣警察工作權益推動協會常務理事，https：//goo.gl/Xp5LrM","惟查，今年5月起，內政部警政署刑事警察局斥資4000萬元建立「涉案車輛巨量情資分析平台」，根據刑事警察局「涉案車輛巨量情資分析平台」徵求說明書中的資料：刑事警察局預計在六都（台北市、新北市、桃園市、台中市、台南市與高雄市）共153的點、344個車道上，搭配現有的涉案車輛查緝網的車牌辨識系統，架設Etag感應器，讀取經過車輛的資料後存入Etag行車資料庫，並由高公局提供車輛Etag相關資料建立特定車輛情資系統予以比對、通報，以達到警方犯罪偵防之目的。","https://query.ey.gov.tw/legisWeb/webQuery.aspx?sys=620&funid=lglistnew&term=9&ses=4&srltype=2&leg=&unit_id=&senddatef=&senddatet=&seqf=9&seqt=9&keyword=&max=300&outmode=0","https://query.ey.gov.tw/legisweb/html/9_4_34_9.htm","UNVERIFIED","15cf164bf89949c43de7e43662e45d607f20376b145b365d10c83275a6758dce","2026-08-14T01:39:50+08:00"
"9-7-21-7","9","7","專案","7","108/03/12","黃昭順","內政部(組改前) 、 行政院主計總處 、 行政院人事行政總處","LOCAL_MENTION","DIRECT","警察｜警力","FULLTEXT","本院黃委員昭順，針對自年金改革實施後，由於公教人員退休金普遍縮水，為了彌補退休金減少的損失，公務員已有了延退潮的跡象。從近年的數據顯示，警察每年退休人數亦同樣逐年縮減，但或因近年來社會陳抗不斷，警力拮据致警大、警專召募員額增長，惟據暸解正在受訓中的警校學生計5,811人，將在今及明年分發，但事實上；地方預算編制員額均幾近滿額，根本無力承接超額警力，換言之；警察預算由地方編列支付，但人事權在中央，形成未來中央撥補員額過多，除將導致地方財務困難的窘境外，更會產生大批「流浪警察」的奇特現象？有關單位允宜儘速與主計及人事主管機關慎謀妥慎之因應對策，特向行政院提出質詢。 說明 一、警察人員退休人數逐年下滑，民國104年退休人數為3,238，隔年退休人數即跌到2,012人，106、107這兩年，退休人數都不到兩千人。更因年改效應，使得公務人員寧可多做幾年，讓退休後的生活更有保障，但此種現象卻同時相對的也排擠到公家機關新陳代謝的速度，使得行政機關必須以較高的人事成本任用資深公務員，但又因受限於預算編制員額限制，無法大量進用年輕公務員。 二、公務員延退潮衍生兩個問題，一是政府必須以較高成本雇用低效率的人力，二是「老的不去，新的不來」，公務員員額在法治國原則下，無法任意增減，如今延退效應顯現，使得公務員人力老化，而對勤務繁雜，亟需體力及專注力的警察工作而言，更無疑是一大威脅。而在犯罪率日益升高的現代社會，恐將更影響警察維護社會治安之功能。 三、警察為高勞力、高風險之職位，六都桃園、新北警力負擔仍大，桃園市警民比缺額從最嚴重的617下降到569人，新北市降到500人、台南市大約434、台中416、高雄市374、台北市332，但除了北市外其他五都距離直轄市350的法定標準仍有很大差距。但若從預算編列額度來看，則六都的警察人數，北北桃逼近滿編，台中、台南、高雄現有人數與編制人數還有差距，南北相比，全國警力流動大塞車。 四、警察人力需求與社會脈動息息相關，尤其蔡政府執政以來，社會陳抗事件數不斷創新高，致讓警力過勞、警安空隙問題愈益嚴重，簡言之；警力增編確有實需，未來兩年待訓畢業的警力也確實將面臨畢業即失業的無預算編制員額可派的窘況，本席在此呼籲，中央政府應審慎看待極可能肇致流浪警察產生的問題，儘速務實檢討預算編制員額，評估中央與地方警政經費分攤，加速警界人力年輕化，方能避免地方財政困窘而警察卻又過勞執勤的問題發生。","三、警察為高勞力、高風險之職位，六都桃園、新北警力負擔仍大，桃園市警民比缺額從最嚴重的617下降到569人，新北市降到500人、台南市大約434、台中416、高雄市374、台北市332，但除了北市外其他五都距離直轄市350的法定標準仍有很大差距。","https://query.ey.gov.tw/legisWeb/webQuery.aspx?sys=620&funid=lglistnew&term=9&ses=7&srltype=1&leg=&unit_id=&senddatef=&senddatet=&seqf=7&seqt=7&keyword=&max=300&outmode=0","https://query.ey.gov.tw/legisweb/html/9_7_21_7.htm","UNVERIFIED","c4458a7dde22c729ef36eabcc75a2b023fc31ec22e8f050487218c44db06e3c5","2026-08-14T01:39:50+08:00"
"9-7-22-259","9","7","專案","259","108/05/21","馬文君","交通部(組改前)","LOCAL_MENTION","DIRECT","警察","FULLTEXT","本院馬委員文君，有鑒於提高機車族行車安全，交通部近日邀集六都、內政部營建署等單位，召開「提高道路標線抗滑係數研商」會議，決議提高標線抗滑係數標準（BPN），將先在中央及六都所轄道路試辦，六都的都會市區道路的標線抗滑係數皆須達65BPN，惟國內法規在道路標線防滑係數為45BPN，相較日本皆以65BPN為標準，顯然國內道路標線防滑係數落後日本太多，已刻不容緩急需儘速提升，本席建請交通部立即提升國內現行標準，以保障機車族行車安全，降低打滑摔車風險，特向行政院提出質詢。","據台中市政府警察局統計，一○三年機車自摔案件七○九件，一○四年執行路平後，當年就下降至六三六件、一○五年降至五○八件，顯示提升道路標線抗滑係數，有助於提高行車安全，降低打滑摔車風險。","https://query.ey.gov.tw/legisWeb/webQuery.aspx?sys=620&funid=lglistnew&term=9&ses=7&srltype=1&leg=&unit_id=&senddatef=&senddatet=&seqf=259&seqt=259&keyword=&max=300&outmode=0","https://query.ey.gov.tw/legisweb/html/9_7_22_259.htm","UNVERIFIED","94fa6269e76e6960d7e958563624e04664e29e4672585f2e436e9d77bfc9ece6","2026-08-14T01:39:50+08:00"
"9-7-22-315","9","7","專案","315","108/05/23","沈智慧","內政部(組改前)","LOCAL_MENTION","INDIRECT","犯罪｜詐欺｜詐騙集團","FULLTEXT","本院沈委員智慧，針對台中市出現疑似新興詐騙犯罪集團，設計全新詐騙劇本，使一般急需藥用錢的民眾，誤信上當。這種犯罪手法，由黑心公司藉由知名的銀行類似名字魚目混珠，號稱可協商個人信用瑕疵，卻透過「假小額信貸、真包裝高額車貸」，導致民眾不僅沒有拿到應有的貸款、更無端揹上高於市價約二倍的二手車債。警政署應全力偵辦此類案件，打擊詐騙165專線更應即時遏止此類「遊走法律邊緣」的新興犯罪手法，以免更多民眾受騙上當，特向行政院提出質詢。","本院沈委員智慧，針對台中市出現疑似新興詐騙犯罪集團，設計全新詐騙劇本，使一般急需藥用錢的民眾，誤信上當。","https://query.ey.gov.tw/legisWeb/webQuery.aspx?sys=620&funid=lglistnew&term=9&ses=7&srltype=1&leg=&unit_id=&senddatef=&senddatet=&seqf=315&seqt=315&keyword=&max=300&outmode=0","https://query.ey.gov.tw/legisweb/html/9_7_22_315.htm","UNVERIFIED","aca146a5bc2598e16224ac06d19e0fbf614e3deb4cd402c4fcc98bf27312fe94","2026-08-14T01:39:50+08:00"
"9-7-22-316","9","7","專案","316","108/05/23","沈智慧","內政部(組改前)","LOCAL_IMPLEMENTATION","DIRECT","警政｜員警","FULLTEXT","本院沈委員智慧，針對各縣市鄰里守望相助隊治安巡邏，以「第三造警力」協助警方維持治安，貢獻有目共睹。在e化政府的趨勢下，關於守望相助隊以傳統紙本簽名的巡邏箱，應該由中央編列預算，改裝置感應式的「電子巡邏箱」，取代傳統紙本簽名的巡邏箱。此舉一方面表達對於守望相助隊的鼓勵與肯定，一方面也是讓「電子巡邏箱」更方便、更準確的保存巡簽資料，特向行政院提出質詢。","二、本部警政署將持續觀察臺中市政府守望相助隊辦理「電子巡邏箱」之成效，並推廣至各直轄市、縣(市)政府，視需求循程序編列相關預算因應，以減輕員警及守望相助隊員巡邏負擔，改善執勤工作環境，有效提升警政工作整體效率。","https://query.ey.gov.tw/legisWeb/webQuery.aspx?sys=620&funid=lglistnew&term=9&ses=7&srltype=1&leg=&unit_id=&senddatef=&senddatet=&seqf=316&seqt=316&keyword=&max=300&outmode=0","https://query.ey.gov.tw/legisweb/html/9_7_22_316.htm","UNVERIFIED","b0d3d59f6616d7a2ced3000312591aa466173d9d5bdfcc8fcde174c1b2489088","2026-08-14T01:39:50+08:00"
"9-7-34-25","9","7","施政質詢","25","108/04/23","沈智慧","內政部(組改前) 、 經濟部(組改前) 、 交通部(組改前) 、 法務部 、 國家發展委員會 、 行政院人事行政總處","LOCAL_IMPLEMENTATION","INDIRECT","酒駕","FULLTEXT","質詢時間：中華民國108年3月15日立法院第9屆第7會期第5次會議 對行政院院長提出施政方針及施政報告之質詢 沈智慧 一、新三害 法務部 院長你好，我是回鍋立委，你是回鍋院長，所以我今天問你問題就是精簡扼要明瞭，你也知道很多議題是不分藍綠的，我今天來質詢你，是在談咱們一起怎麼努力除3害，這裡沒有藍綠問題，就只有人民重視的問題。 問：院長，你知道當前人民最新三害是什麼嗎？ 答：（請院長回答） 最新三害就是： 1.酒駕肇事致死 2.隨機殺人致死 3.虐童致死 新三害是當前人民內心裡最痛苦的，引發全民公憤。 現在大家在怕什麼？ 怕出門被車子撞死、怕出門被人家無故殺死，又怕聽到小孩子被虐殺致死！大家人心惶惶！ 院長，我告訴你， 有被酒駕肇事撞死的家人， 活不下去想自殺， 你知道嗎？ 聽起來讓我們很心酸。 自古以來殺人者死， 司法正義是人民望治心切的最後一道防線。 院長，我今天就要跟你談司法正義！ 我來請教院長， 你對這些所謂司法正義是人民期待法治的最後一道防線， 你的看法是什麼， 因為你的看法、你的態度，決定我們立法院很多法案也包含我所推行的法案， 能不能立法通過， 只要你行政院反對、因為你是執政黨， 民進黨擁有立法委員過半數以上席次，也是完全執政 我所提的新三害法案也別想過了， 人民的司法正議也不用談了！ 只要你認同，新三害要立法除害， 相信為此衍生的修法法案， 很快就能完成修法了！ 院長，要如何來除新三害，先來看段影片： （看完影片，之後提問） 問：院長，酒駕致死等同故意殺人，是不是你說的？ 院長，立法院舊曆年後2月11日開始上班，本席即針對酒駕肇事致死，於2月15日提出「刑法第185條之3條文修正草案」，酒駕肇事致死最高可處死刑。 但本席提案於2月22日交付司法及法制委員會審查，司法及法制委員會在3月6日進行「刑法」相關提案審查時，本席酒駕刑法提案卻未被放入討論，理由是法務部酒駕修法版本尚在行政院內； 請問院長，這個法案是你擋下的嗎？ 問：院長，酒駕刑責加重立法的政院版本，何時送到立法院審查？你願意透過民進黨黨政溝通平台，要求民進黨團提案將酒駕刑法提案逕付二讀，加速完成立法嗎？ 答：（請院長回答） 二、曾有酒駕紀錄者，不適任政府官員 內政部、本院人事行政總處 【最近本席將針對政府官員包括中央及地方政務官、機要人員、中央及地方民代、一般公務人員的酒駕者，提出「行政院組織法第5、12條」、「地方制度法第26、55、56、57、58條」、「公務人員陞遷法」、「公務人員懲戒法」、「公職人員選舉罷免法」等酒駕配套措施，徹底根絕、遏止酒駕，保障用路人的生命權。】 院長，中央、地方政府官員應做人民表率，對吧！ 問：院長你贊成中央及地方首長、副首長、政務官、機要人員、甚至區長，曾犯酒駕者，不得擔任的修法嗎？ 院長，你贊成將中央及地方民選首長、民意代表修法有酒駕者不得參選嗎？ 一般公務人員，從修法起犯酒駕者，不得升遷，必須接受公務員懲戒。 答：（請院長回答） 院長，我知道你態度模擬兩可， 但這樣我很難過，不過我要告訴你， 我還是要提「酒駕就是零容忍」！ 對於這些有酒駕記錄者的政府官員， 我要修法，不管有多少條文，就是要修法。 讓他不能擔任政務官，甚至連首長機要人員都不可以， 現有公務人員，只要犯酒駕者， 不得升遷， 必須懲戒， 院長，你贊成嗎？ 我一個個來請教院長， 中央及地方首長、一級主管、機要人員有酒駕紀錄者，不得任職。 問：院長，你支持嗎？ 答：（請院長回答） 問：公務人員犯酒駕者，立法懲戒，立法不得陞遷，你贊成嗎？ 問：民選地方及中央公職人員，有酒駕紀錄者，不得參選，你支持嗎？你贊成嗎？ 你支持很好， 本席給你拍拍手，我們一起通過立法！ 若你不贊成， 我還是要修法， 若你們還是要擋法案， 你不贊成， 明年就讓人民用選票來做選擇， 讓人民來選擇是要你的主張、還是要我的修法！ 三、酒駕連坐法、代駕制度 法務部、交通部 院長， 我們要落實酒駕零容忍的精神，能夠在法律上更為周延， 就是我們應該向歐美或日本學習酒駕連作法或是代駕制度的立法， 例如：日本的酒駕連坐的處分方法， 院長，你看這個圖， 日本2002年通過酒駕連坐法修法，6年內酒駕致死案件就減少了7成。 問：院長，依照日本修法的案例來看，6年內酒駕致死案件減少了7成，大幅降低酒駕致死人數，你願意參酌日本酒駕連坐法的立法嗎？ 答：（請院長回答） 另外， 酒駕致死立法，除了連坐法的配套外，還有家人朋友歡樂、工作應酬，喝酒難免，世界各國已經在朝向代駕制度方向發展，找人代駕就是一個很好的制度，但目前代駕素質參差不齊。 問：院長，你支持我們立法建立一個酒駕代駕制度嗎？ 院長你支持，酒駕者應視其輕重，現場就應該逮捕拘禁三至十五日嗎？ 答：（請院長回答） 四、隨機殺人致死全民共憤 院長，我來問你： 隨機殺人致死可不可惡？ 小燈泡的頭，沒有原因，喀嚓就被砍掉了！ 有加害者甚至說，殺死一二人也不會被判死刑啊！就算被判死刑也不會死啊！ 多少為人父母者，聽得多痛心、多難過啊！ 問：院長，你支持隨機殺人致死應判處死刑的立法嗎？該不該？因為已經有立法委員提案刑法修法，條文被保留協商，行政院的態度將決定這條法案會不會被立法通過。 答：（請院長回答） 院長， 我們法律是在保護加害人，還是在保護被害人呢？ 五、虐童致死該不該判處死刑？ 法務部 院長，近來接連傳出多起虐童案，當看到相關新聞報導時，令人痛心又憤怒，引發民眾強烈的憤怒與不捨，甚至出現「私刑正義」的舉動，凸顯國人對司法失去信心的隱憂，立法院啟動修法加重虐童刑責是勢在必行； 【本席針對虐童致死案件，於2月15日提出「中華民國刑法第二百七十八條條文修正草案」，針對犯重傷害罪且被害人為兒童時，則加重其處罰刑責為死刑、無期徒刑等法定刑，使其對虐童致死之行為付出應有的代價，以保護弱勢兒童的寶貴生命權。】 但本席虐童致死的刑法278條修正法案，就是虐童致死判處死刑，雖於3月6日司法及法制委員會審查「刑法」相關提案時進行討論，卻被保留了！ 問：院長，人民今天都在看全程錄影，有關虐童致死最高可判處死刑，你支持嗎？院長，你的態度決定一切立法速度啊！ 答：（請院長回答） 問：院長，請問你贊成虐童致死者判處死刑？ 虐童又致死，這是件人神共憤的事， 我告訴你， 對著12歲以下，手無還擊能力的兒童虐殺致死， 尤其是對六歲以下兒童虐殺致死、三歲以下女童虐殺致死、甚至連出生兩個月都可以把它掐死！ 六、死刑犯執行情況 法務部 院長， 民進黨執政以來， 法務部105年執行死刑0人、106年執行死刑0人，僅在107年執行死刑1人，截至今年，尚待執行死刑人數有42人，院長，今年會再執行死刑嗎？ 台中市建設 七、台中市的空污與肺癌的增加有直接關係 經濟部 台中有出現好幾個個案：家庭主婦，不抽菸、不喝酒，不騎機車。結果罹患肺癌，不到50歲就去世了。這個肺癌起因於PM2.5，懷疑主要來源就是台中火力發電廠的燃媒副產品。 請院長看這個圖表 台中市人用命在換電，我們知道大林、林口、通霄有5、6部燃煤機組上線，經計算後發現，若台中火力發電廠拆掉一半的機組，其實根本不會影響發電，請不要再拿台中人的命來換電，地方要求台中火力發電廠今年要拆掉5個機組，院長，你給我們台中市民一個交代，你拆不拆？ 全國性公民投票第7案，反空污公投已通過『平均每年至少降低1%』的燃煤發電。 本席不想要每次回到台中，參加告別式的時候，一問，大多死於肺癌。 九、台中市國道一號增設銜接74線工程，縮短一半施工期，請不要「拖」 交通部 2月24日，院長有到台中聽交通部高公局的簡報，關於「國道一號增設銜接74線系統交流道」。院長到了台中拍板，馬上就要開工了。 這個工程2023年才完工，縮短一半時間，兩年完工通車，院長贊成嗎？ 院長你支持分段工區，多派工班同時施工，來縮短工期嗎？這可是你自己2月24日在台中考察74道路交通建設時說的，你會兌現嗎？ 答：（請院長回答） 十、院長你知道台中北屯大坑有一個全世界知名的登山步道區，總共十條步道，登上國際版面。 目前的捷運計畫，只到松竹站，如果延伸2.5公里，到達大坑經補庫 ，讓全世界的人更方便地進入這個漂亮的地方，提高台中的觀光能見度 ，我幫台中市民爭取，捷運延伸到經補庫，請問院長你支持列入前瞻計畫內來執行嗎？ 盧秀燕市長指出台中市捷運綠線延伸線，要求比照主線辦理，交通部次長黃玉霖回應，該延伸案須重新啟案，不能視為同一案。院長，這是哪一條法律規定的？可不可以提供給我參考。真的是這樣子嗎？ 捷運延伸案需要重啟新案嗎？還是因人設事？ 交通部 答：（請院長回答） 十、台中市開辦自由經貿區，請不要「卡」 國家發展委員會 台中市和新北市、高雄市三位市長共同提出「自由經濟貿易區」的構想拚經濟，給市井小民和窮人一個「脫離貧窮」的機會。 這個所謂自由經貿區就不過是雷同於現在的保稅區嘛或科學園區嘛！只不過是換個名稱而已嘛！ 院長我實在是搞不懂你們的邏輯是甚麼？拚經濟跟拚政治是不同的啊！院長，本席再問你一下，你支持台中、高雄、新北市開辦自由經貿區嗎？ 十一、台中捷運綠線 交通部","十一、台中捷運綠線 交通部 沈委員就酒駕法案進度等問題所提質詢，經交據有關機關查復如下： 一、關於酒駕法案進度問題：近年來酒駕肇事問題始終未能根絕，肇生事故害及無辜性命，危及公共安全，造成社會不安，行政院對於酒駕行為係採零容忍態度，為遏止酒後駕車之惡習，法務部擬具刑法第185條之3修正草案，業經行政院於本(108)年3月28日院會通過該修正草案，將會銜司法院後，送請貴院審議。","https://query.ey.gov.tw/legisWeb/webQuery.aspx?sys=620&funid=lglistnew&term=9&ses=7&srltype=2&leg=&unit_id=&senddatef=&senddatet=&seqf=25&seqt=25&keyword=&max=300&outmode=0","https://query.ey.gov.tw/legisweb/html/9_7_34_25.htm","UNVERIFIED","884d493fa9c1829d6c2af75f4317eeb50628016d6b2bc725998cc85586b6c72c","2026-08-14T01:39:50+08:00"
"9-8-21-37","9","8","專案","37","108/10/04","陳怡潔","行政院資通安全處","LOCAL_MENTION","INDIRECT","監視器","FULLTEXT","本院陳委員怡潔，鑑於台灣包括台中市、高雄市在內陸續傳出使用中國海康威視所製造之監視系統，而海康威視近年來承接中國包括集中營監視系統、天眼系統等監控民眾之監視設備，使用該公司之設備，恐讓台灣的資訊落入中國政府手中，增加國安危機。為保障國民權益以及國家安全利益，政府各級部門應全面禁用中國製監視設備，特向行政院提出質詢。","二、而在台灣，包括台中市地下道以及高雄市各議員地方辦公處都裝設海康威視的監視器，顯見早已進駐全台灣。","https://query.ey.gov.tw/legisWeb/webQuery.aspx?sys=620&funid=lglistnew&term=9&ses=8&srltype=1&leg=&unit_id=&senddatef=&senddatet=&seqf=37&seqt=37&keyword=&max=300&outmode=0","https://query.ey.gov.tw/legisweb/html/9_8_21_37.htm","UNVERIFIED","9fd2becb0437bd452a7d84250aa5f49eadece937bce8c821697631c9a0a1083a","2026-08-14T01:39:50+08:00"
"9-8-22-19","9","8","專案","19","108/10/02","陳學聖","內政部(組改前)","LOCAL_MENTION","DIRECT","員警","FULLTEXT","本院陳委員學聖，有鑑於我國警員除了正常班表之外，也因工作危險性高、承受壓力巨大、並隨社會變遷而大幅了增加業務樣態及業務量，且據警政署最新統計年報顯示：因病或意外死亡之警察人員竟為因公殉職人數的5.5到16.25倍，特向行政院提出質詢。","以107年為例，高雄市政府補助50歲以上員警健檢最高7,000元，但同為六都之一的台中市員警達40歲以上則至多補助3,500元。","https://query.ey.gov.tw/legisWeb/webQuery.aspx?sys=620&funid=lglistnew&term=9&ses=8&srltype=1&leg=&unit_id=&senddatef=&senddatet=&seqf=19&seqt=19&keyword=&max=300&outmode=0","https://query.ey.gov.tw/legisweb/html/9_8_22_19.htm","UNVERIFIED","f623235630d21e15c9a95f220da9b29fe50d2cda94734f43eae4ac0e5a3b9153","2026-08-14T01:39:50+08:00"
"10-2-21-27","10","2","專案","27","109/10/12","許淑華","交通部(組改前) 、 法務部","LOCAL_IMPLEMENTATION","DIRECT","警察","FULLTEXT","本院許委員淑華，有鑑於西濱快彰化路段區間測速，四月間有遭罰民眾發現測速結果竟與行車紀錄器相差達五十秒，因而揪出測速系統軟體有問題；最後，彰化縣警局被迫撤銷三千六百多張罰單。另一例子，基隆有民眾因欠繳一萬八千元交通罰單，房子竟遭法拍，經退休法律教授追查揭發諸多執行程序失當，終讓法務部行政執行署收回成命。這兩起執法被逆轉的案件，都顯示公權力如何不當侵害了人民的權益。撤銷烏龍罰單和撤銷法拍屋，是兩個獨立的事件，但它們都是國家公權力不當侵害人民權益的具體案例，結果都嚴重斲喪政府執法的公信力。爰此，特向行政院提出質詢。","目前交通部公路總局轄管養護工程處針對自建及委託代辦案件（包含台61線桃園路段、台61線苗栗路段、台61線臺中南下路段）已辦理甲方第三方驗證，驗證報告準確無疑義，將提供各地方政府警察局作為恢復執法之參考。","https://query.ey.gov.tw/legisWeb/webQuery.aspx?sys=620&funid=lglistnew&term=10&ses=2&srltype=1&leg=&unit_id=&senddatef=&senddatet=&seqf=27&seqt=27&keyword=&max=300&outmode=0","https://query.ey.gov.tw/legisweb/html/10_2_21_27.htm","UNVERIFIED","19f00a099aac55ba9d3d01ff2b1a13afbbbe1e571cb53ea353478806e66f429e","2026-08-14T01:39:50+08:00"
"10-3-22-27","10","3","專案","27","110/04/06","楊瓊瓔","內政部(組改前)","LOCAL_MENTION","INDIRECT","槍枝","FULLTEXT","本院楊委員瓊瓔，有鑑於最近短短半個月時間內，台南、台中、高雄、桃園竟然接連發生6件槍擊案，除了黑幫逞兇鬥狠之外，竟然連吵架的夫妻、麵包師傅等一般人都能買得到槍枝。全台灣民眾人心惶惶，更陷入「是不是只有我還沒槍」的疑惑之中，行政院長蘇貞昌更稱「情殺、仇殺難免」，難道是要全民視治安敗壞為常事，還是鼓勵民眾擁槍自重？面對槍枝氾濫如此嚴重的問題，要人民如何能安心過生活？特向行政院提出質詢。","本院楊委員瓊瓔，有鑑於最近短短半個月時間內，台南、台中、高雄、桃園竟然接連發生6件槍擊案，除了黑幫逞兇鬥狠之外，竟然連吵架的夫妻、麵包師傅等一般人都能買得到槍枝。","https://query.ey.gov.tw/legisWeb/webQuery.aspx?sys=620&funid=lglistnew&term=10&ses=3&srltype=1&leg=&unit_id=&senddatef=&senddatet=&seqf=27&seqt=27&keyword=&max=300&outmode=0","https://query.ey.gov.tw/legisweb/html/10_3_22_27.htm","UNVERIFIED","b2b4ce5543a07662f23c1e004324b9c34d344a174723f00ad94c674d672f681e","2026-08-14T01:39:50+08:00"
"10-3-22-82","10","3","專案","82","110/05/31","楊瓊瓔","法務部","LOCAL_MENTION","INDIRECT","酒駕","FULLTEXT","本院楊委員瓊瓔，依《中華民國刑法》第一百八十五條之三條文，酒駕致人於死者，可處三到十年有期徒刑，且在108年新增曾犯酒駕，並在5年內再犯酒駕致人於死者，可處到5年以上有期徒刑或無期徒刑。然近日仍發生酒駕肇事致死案件，引起社會高度關注，特向行政院提出質詢。","一、據報載，5月5日凌晨在台中發生資深媒體人母親遭酒駕撞死事件，肇事方不僅扯謊，甚至想藉由買酒行為脫罪，爾後更被查出事發前一天曾因酒駕遭取締，在吊扣駕照的狀況下，不到一天再度無照酒駕，行徑脫序誇張，引起社會譁然。","https://query.ey.gov.tw/legisWeb/webQuery.aspx?sys=620&funid=lglistnew&term=10&ses=3&srltype=1&leg=&unit_id=&senddatef=&senddatet=&seqf=82&seqt=82&keyword=&max=300&outmode=0","https://query.ey.gov.tw/legisweb/html/10_3_22_82.htm","UNVERIFIED","0df333db12c20d38fae080bc940524eda1da299acb0f7f10dff7fce8b94a3903","2026-08-14T01:39:50+08:00"
"10-4-34-24","10","4","施政質詢","24","110/12/22","陳素月","內政部(組改前) 、 交通部(組改前)","LOCAL_IMPLEMENTATION","DIRECT","警察","FULLTEXT","質詢時間：中華民國110年11月12日立法院第10屆第4會期第9次會議 對行政院院長提出施政報告之質詢 陳素月 （交通組） 首先提到西濱快速道路（台61線）是除了國道一號、國道三號之外，第三條南北縱貫的快速公路，往往在連假期間肩負抒解國道車流的的重大任務，不過2月底因為濃霧的關係，20台大小車輛發生追撞的重大車禍，造成2死8傷，才燒出了西濱快速道路潛在的缺失。但是除了濃霧偵測等等安全問題之外，台61線的超速問題、大型車輛行駛的安全問題，也被民眾詬病。 之前西濱中部路段的區間測速的準確性、資訊安全性都備受質疑，區間測速停用之後，西濱會不會成為違法民眾飆車的天堂？目前公路監理與警政機關又如何遏止西濱違法飆車的歪風？ 內政部、交通部 雖然西濱目前還是有民眾違法飆車，大型車輛行駛也不時傳出意外事故，但西濱畢竟還是有助於西部地區南北交通，通車以來不少民眾反映，西濱沒有如同國道高速公路一樣的休息站或是服務區，民眾長途駕駛的生理需求或是疲憊，沒有地方可以抒解，本席也在委員會中多次爭取設置，交通部與公路總局終於在今年春節選定的雲林口湖高架橋下設置休息站，但部分使用過的民眾還是感嘆「太小了」，事實上，目前西濱快速道路通車路段已經達到289公里，彰化縣就恰好在台61線的中點位置，也是最早倡議設置服務區的地方，甚至彰化縣線西鄉公所108年5月就提出「彰化縣線西鄉台61線麟光電城服務園區整體規劃」案。 究竟交通部與公路總局對於設置「台61線線西服務區」的評估看法如何？如果地方政府完成公有土地撥用與私有土地徵收，公路總局是否可以支持地方政府的規劃？ 交通部 西濱快速道路泰半路段屬於高架路段，已近「準國道」之公路形式，雖非國道高速公路封閉式路網設計，但用路人長途駕駛產生之生理疲勞、生理需求等，與使用國道高速公路情狀相同。鑑於西濱快速道路縱貫台灣西部縣市，非封閉式路網設置之「服務區暨休息站」，宜將農特產品與觀光景點納入規劃，以期提升用路人行車安全，以及行銷地方觀光暨農產品之整體綜效。但是目前國內並沒有針對休息站的相關立法規範。台61線西濱快速公路於去年全線通車後，沿線事故頻繁，事故肇因多為超速、超重等駕駛行為；另該路線因行經多處工業區及港口，大型重車比例高，發生事故也將導致嚴重傷亡。現今西濱快速道路（台61線）通車路段已達289.1公里（計畫長度共301.834公里），通車路段多為高架路段，每逢連假用路人苦無服務區與休息站，甚且如廁都成問題，因此本席認為西濱快速道路設置服務區與休息站有其必要。","陳委員就有關台61線西濱快速道路違規超速及服務區休息站設置問題所提質詢，經交據有關機關查復如下： 一、有關違規超速方面： (一)台61線共設置8處區間測速執法設備，目前皆暫停使用，其中交通部公路總局(以下簡稱公路總局)建置4處路段分別為苗栗路段雙向2處、臺中市南下路段1處及雲林南下路段1處，目前已完成國家標準準確度驗證並取得資安驗證證明文件，現正協調各地方政府警察局公告恢復執法日期。","https://query.ey.gov.tw/legisWeb/webQuery.aspx?sys=620&funid=lglistnew&term=10&ses=4&srltype=2&leg=&unit_id=&senddatef=&senddatet=&seqf=24&seqt=24&keyword=&max=300&outmode=0","https://query.ey.gov.tw/legisweb/html/10_4_34_24.htm","UNVERIFIED","4a99db1a41440624abd7d1596523b37acc595e1326dbd2b9ab07a3f29e74cb31","2026-08-14T01:39:50+08:00"
"10-4-34-28","10","4","施政質詢","28","110/12/22","湯蕙禎","法務部","LOCAL_MENTION","DIRECT","警察","FULLTEXT","質詢時間：中華民國110年11月16日立法院第10屆第4會期第9次會議 對行政院院長提出施政報告之質詢 湯蕙禎 （司法及法制組） 行政院長、各位官員： 一、 希望部長在任內檢察、矯正、政風、觀護、行政執行五大體系都不偏廢，努力行銷法務部，不管是打擊民生犯罪，還是全民拼治安，尤其是在執行弱勢家庭的案件，不要讓社會大眾認為法務部是冷血的單位。14期的施茂林部長幾乎是每天提供新聞稿給媒體，對比施茂林的前一任陳定南部長每個月一次的記者會，截然不同的施政風格（參閱翻轉司法的奧德塞行旅─施茂林的法律人生，256頁）法務部應該大開大闔讓冰冷的司法體系靠近人民，不論哪一審級的檢察官都應該接地氣，柔軟之心辦案。 二、全國一審檢察官員額已經超過千人，能夠升任一審主任檢察官的機會越來越競爭，檢方除了調辦行政工作以外，缺乏像審判系統那樣有民事、刑事、行政法院等不同性質的審判性質可供選擇歷練，檢察官的生涯發展容易受到侷限，是否應考慮讓在職檢察官可以到金管局、智慧財產局歷練不同領域的專業知識？專業領域的犯罪行為，若檢察官本身缺乏專業知識，當然難以深入追查。 三、台中市第二選區（大肚、烏日、龍井、沙鹿、霧峰）立法委員補選，將於111年1月8日投票，眾所皆知該地區是極具爭議之地區，法務部是否應有具體措施維護候選人及支持者之人身安全並端正選風？（例如疫情已緩和，各區公所都在舉行鄰長會議，每一行政區至少有五百位鄰長，是否應由台中地檢署檢察官到各行政區或製作影片於各路口電視牆辦理反暴力及反賄選之宣導） 四、不論是立法委員陳柏惟或高雄市議員黃捷罷免案的連署書都出現高比例之偽造文書情形，法務部是否應該要求管轄的地檢署，清查偽造文書之情事，杜絕歪風，本席擔任桃園市政府民政局長任內負責戶政業務，有關公投或罷免之連署均須送請該管戶政事務所核對資料之正確與否，早已發現偽造文書情形嚴重，甚且有變本加厲之情事，為維護選舉之正確性，該管地檢署有義務主動介入調查。 五、國民法官法第三條規定「國民法官之選任，應避免選任帶有偏見、歧視、差別待遇或有其他不當行為之人擔任」與刑事訴訟法第十七條「......」法官迴避之規定應如何適用，司法院是否有完整的措施？（例如前總統陳水扁或馬英九的刑事案件，是否適合由政治顏色強烈的支持者擔任國民法官)法務部","三、關於臺中市第二選區立法委員補選問題：本部所屬臺灣臺中地方檢察署已成立查察賄選防制暴力執行小組，進行各項查察工作，積極防範賭盤、假訊息、暴力介入及其他違反「公職人員選舉罷免法」之情事，迄今已召集轄區內司法警察機關召開2次選舉查察會議，並規劃於選前安排24小時選舉值班勤務，除專人在署輪值接聽檢舉電話，以掌握檢舉情資外，並安排檢察官值班，及時查察賄選等不法犯行。","https://query.ey.gov.tw/legisWeb/webQuery.aspx?sys=620&funid=lglistnew&term=10&ses=4&srltype=2&leg=&unit_id=&senddatef=&senddatet=&seqf=28&seqt=28&keyword=&max=300&outmode=0","https://query.ey.gov.tw/legisweb/html/10_4_34_28.htm","UNVERIFIED","9dbdc0896915b34987deac50cf7cd707dd241c294f49d011349ce820aa3f753b","2026-08-14T01:39:50+08:00"
"10-5-22-40","10","5","專案","40","111/03/23","張育美","衛生福利部","LOCAL_MENTION","INDIRECT","性侵","FULLTEXT","本院張委員育美，鑑於衛福部保護司資料統計指出，我國有近兩成的性侵被害人屬於弱勢證人，多達1,800人，然而我國司法詢問員卻僅有166人，明顯不足。爰要求行政院盤點現有資源，並加速補上司法詢問員之缺口，並針對各縣市之狀況，補足相關資源，以維護被害者權益，特向行政院提出質詢。","三、衛福部保護司資料也指出，2020年我國各縣市性侵害案件比例，以新北市17.8%為最高，依序為桃園市12.3%、高雄市10.9%、台中市10.2%、台北市9.6、台南市6.3%，然而166名司法詢問員就有三分之一在北北基，其他地區只能跨區調派，特別是花東地區、離島地區，相較下資源更顯不足。","https://query.ey.gov.tw/legisWeb/webQuery.aspx?sys=620&funid=lglistnew&term=10&ses=5&srltype=1&leg=&unit_id=&senddatef=&senddatet=&seqf=40&seqt=40&keyword=&max=300&outmode=0","https://query.ey.gov.tw/legisweb/html/10_5_22_40.htm","UNVERIFIED","286a6d6d2b517ca2e9496e0f5d24f642dc3eaacf2c131ebd056bd6b50884c375","2026-08-14T01:39:50+08:00"
"10-6-34-5","10","6","施政質詢","5","111/11/25","湯蕙禎","內政部(組改前) 、 國防部 、 教育部 、 大陸委員會","LOCAL_MENTION","INDIRECT","民防","FULLTEXT","質詢時間：中華民國111年10月28日立法院第10屆第6會期第5次會議 對行政院院長施政報告之質詢 湯蕙禎 本席針對此部分質詢，請相關單位再回覆本席辦公室。 一、中共對台實施政治作戰的單位，包含：國安部、國台辦、解放軍體系、統戰部、共青團、中宣部等系統，共六個單位參與資訊政治作戰，顯見中共對我國執行政治作戰體制，是明確由國家戰略層級指導下，統合中共全黨、全國、全軍之力的「總體戰」。本席請問： 中共對台政治作戰為集合全國之力的「戰略層次」，而我國目前有何應對方式與作為？ 國防部、大陸委員會 二、中共政治作戰屬於「國家戰略層次」，而我國卻只將政治作戰區分「國家戰略」、「軍事戰略」兩個層次，未建立國家階層的具體機制。據悉，目前已有國安會或「大軍談」決策、指導，但是 對於由行政院設立專司反制中共對台政治作戰跨部會的小組成立，是否有所規劃？國防部對於此狀況，有何因應與規劃？是否有著手規劃提升層級？ 國防部、大陸委員會 三、我國國軍政治作戰工作由國防部政戰局主責，國軍對敵心理戰、輿論戰、法律戰教學研究機制之規劃及執行業務，主要由文宣心戰處執行。中共對我國政治作戰為集合全國之力的「戰略層次」，而我國國軍政戰工作是由政治作戰局文宣心戰處、心戰大隊負責，從預算與員額編制上來看來，似乎有巨大的落差。現今政治作戰不應該只限於國防領域，應該是整個政府部門都需要「動起來」！本席請問： 如何讓國人清楚了解中共「宣傳戰」在內的政治作戰威脅？ 國防部、大陸委員會 四、四、近年來中共對台侵略野心逐漸升溫，因此激起我國全民防衛意識，我國企業家甚至大方資助推動民防計畫，但在相關報導與調查後，本席驚覺我國各縣市民防預算編列中，有些縣市預算根本不足以「備戰」，例如：台北市3年來的民防預算當中，用於訓練包括聘任講師的費用占比約為4%、台中市約2%、宜蘭縣約6%，其他大部分都是用於聯誼、授獎、治裝與其他支出，甚至有地方縣市的民防預算被用於聯誼聚餐之用。本席請問： 關於地方民防編列、訓練是否可以透過中央介入協助，讓民防不再只是聯誼聚餐之用？ 內政部 五、少子化影響之下，未來私校高中職退場已成為可預見之浪潮，但在許多討論和已發生案件中，本席發現因為參加「繁星計畫」的條件必須為全程就讀同一所高中職，且中途沒有轉學之應屆生，但退場學校之學生受於學校倒閉，因此喪失了「繁星計畫」的資格。本席請問： 針對因學校退場且符合「繁星計畫」的應屆畢業生，是否有相關配套措施？「繁星計畫」當初設計立意良善，但在設計時卻未把高中職學校退場納入考量，是否請相關單位因應現行情況，針對「繁星計畫」的條件提出修改？ 教育部","國防部、大陸委員會 四、四、近年來中共對台侵略野心逐漸升溫，因此激起我國全民防衛意識，我國企業家甚至大方資助推動民防計畫，但在相關報導與調查後，本席驚覺我國各縣市民防預算編列中，有些縣市預算根本不足以「備戰」，例如：台北市3年來的民防預算當中，用於訓練包括聘任講師的費用占比約為4%、台中市約2%、宜蘭縣約6%，其他大部分都是用於聯誼、授獎、治裝與其他支出，甚至有地方縣市的民防預算被用於聯誼聚餐之用。","https://query.ey.gov.tw/legisWeb/webQuery.aspx?sys=620&funid=lglistnew&term=10&ses=6&srltype=2&leg=&unit_id=&senddatef=&senddatet=&seqf=5&seqt=5&keyword=&max=300&outmode=0","https://query.ey.gov.tw/legisweb/html/10_6_34_5.htm","UNVERIFIED","b46211424711ec7d67096418f09b814b88a3d720a2489fc46045728d3b401993","2026-08-14T01:39:50+08:00"
"10-7-34-24","10","7","施政質詢","24","112/05/02","黃國書","教育部 、 衛生福利部 、 文化部 、 國家科學及技術委員會","LOCAL_IMPLEMENTATION","DIRECT","警察｜派出所","FULLTEXT","質詢時間：中華民國112年3月31日立法院第10屆第7會期第5次會議 對行政院院長提出施政方針及施政報告之質詢 黃國書 一、 幼兒園調降師生比： 教育部 教育部日前提出「少子女化對策執行成果及幼兒園降低師生比規劃報告」，自112學年起將幼兒園師生比自1：15逐年調降至1：12，以全面提升幼兒教育及照顧之品質。●針對公立及非營利幼兒園將於2023年8月起調降，各縣市已於3月至6月陸續啟動招生公告，請教育部說明各縣市應增聘教師人數及師資培育相關配套措施。●準公共幼兒園規劃自2024年8月起納入準公共合作要件，調降師生比所產生之成本將反映於收費，並由政府協助家長支付增調之費用。請教育部說明，明年準公共合作要件為何、收費標準如何調整、教育部獎勵經費及支付調整費用之預算規模及經費來源。●針對私立幼兒園調降師生比之規劃，教育部擬透過獎補助鼓勵逐年達標，請教育部說明針對未達1：12之園所，協助家長分攤部分費用，具體規劃為何？預算規模及經費來源為何？是否將設置落日條款，以達教育部宣示三年內達標之規劃。 二、 下世代行動通訊人才培育計畫 教育部、國科會： 鑒於後5G時代來臨，全球通訊產業已轉往下一世代通訊技術B5G、6G之技術研發及標準制定，為因應行動通訊技術快速發展趨勢，我國應整合跨部會資源，共同投入技術布局及人才培育。●為協助我國大學校院培育行動通訊人才，教育部規劃自4月起推動「下世代（後5G和6G）行動通訊人才培育計畫」，預計4年投入1.6億元，針對「超高速通訊、非地面網路、智慧節能網路」三個前瞻領域，預計培育4千人次專業人才。請教育部說明該計畫之推動策略及逐年目標為何。●另查，國科會自110年起推動「下世代通訊系統關鍵技術研發計畫」，111年已培育8團隊進行B5G及未來6G通訊突破性前瞻研發，參與計畫之碩博士生331人次，為國內無線通訊產業培育關鍵技術人才。針對通訊人才培育，請教育部說明與國科會如何分工？兩部會間如何強化跨部會資源整合？ 三、 TPMI計畫 衛生福利部： 台灣精準醫療計畫為中央研究院攜手16個醫療體系共同執行的多中心研究計畫，透過運用全基因體關聯性分析、人工智慧與大數據分析，期望建立國人常見疾病的風險評估模式，其立意良善，但仍須檢視是否有資訊安全的疑慮產生。●根據報載，TPMI計畫表示會在今年8月份決定要不要繼續收案，TPMI網站上也說明「待研究達預定進度且研究資源充足時，將再度開放報名」，所以目前TPMI計畫是否已經開啟繼續收案的相關作業流程？●根據TPMI計畫的公開QA說明中，計畫收案期間於2022年12月31日結束，為何TPMI計畫能夠於收案期間結束後再決定是否重啟收案流程？如重啟收案流程，是否需以另一個新計畫進行？●衛生福利部醫事司於2022年4月間的會議決議：要求TPMI計畫應提供受試者簽署人體生物資料庫參與者同意書並變更TPMI對已蒐集的生物資料變更管理微人體生物資料庫型式管理的決議。中研院醫學倫理審查委員會2022年5月23日之會議紀錄及審查通過證明，亦說明會議決議應遵循醫事司會議要求。如TPMI計畫確定重啟收案，是否會提供新版同意書並按照醫學倫理委員會及醫事司的會議決議執行？●同意書既然已經有變更，簽署舊版同意書的受試者資料會如何保存？簽署舊版同意書的受試者是否會謹守舊版同意書範圍，而不會超越範圍使用或存放？依照合作醫院北榮、三總的同意書範例說明中，如沒有經過受試者另外簽署同意的情況下，不能踰越同意書授權範圍進行使用，中研院是否會將已收案受試者資料進行任何商業利用？●於111年5月12日所做的中研院醫學倫理委員會第5次會議決議中，計畫團隊說目前的計畫已經研發APP讓所有受試者可以知道自己的基因定序結果。請問中研院，計畫團隊告知所有受試者基因定序結果是否合適？ 四、 文資開放： 文化部 根據統計，各部會經營管理、可利用國有文化資產170處中有68處未開放參觀，未開放參觀原因，包括作為辦公室或退休員工與眷屬宿舍使用、基於安全考量而未開放，另有2成古蹟及歷史建築修復後未規劃利用，淪為閒置。●國有文化資產是以國家資源維修與管理，具公共價值，理應開放全民共享，即使部分文化資產作為辦公空間使用，無法天天開放，也應當選特定時間對外開放，如：下班時間、例假日或是每年則特定一至兩天對全民開放，文化部是否能普查各部會管理之國有文化資產，並督促各單位，建置文資規劃利用計畫？●各地方政府亦會有修復完成後，卻未開放參觀，甚至完全未加以利用之文化資產，如：烏日警察官吏派出所、臺中車站機關車庫遺構，文化部是否能督促前述二個文化資產活化進度？另，文化部是否能制定手段督促地方政府開放其所管理之文化資產，並制定相關追蹤機制確保地方政府活化及再利用之進度？","(二)查歷史建築「烏日警察官吏派出所」經洽主管機關臺中市政府表示，現已修復完成由派出所使用中，刻正研擬開放參觀計畫。","https://query.ey.gov.tw/legisWeb/webQuery.aspx?sys=620&funid=lglistnew&term=10&ses=7&srltype=2&leg=&unit_id=&senddatef=&senddatet=&seqf=24&seqt=24&keyword=&max=300&outmode=0","https://query.ey.gov.tw/legisweb/html/10_7_34_24.htm","UNVERIFIED","b99dbfa69b94370166e1559ee52002b8a17be92be156cb157e2cd85a0a37a734","2026-08-14T01:39:50+08:00"
"10-7-34-30","10","7","施政質詢","30","112/05/03","林昶佐","內政部(組改前) 、 交通部(組改前)","LOCAL_MENTION","DIRECT","警察｜交通警察","FULLTEXT","質詢時間：中華民國112年4月7日立法院第10屆第7會期第6次會議 對行政院院長提出施政方針及施政報告之質詢 林昶佐 一、近10年台灣交通事故案件數持續上升，2022年僅統計到11月即發生33萬8,413件，交通事故死亡率高達每10萬人12.1人，超過其他OECD國家平均每10萬人2-3人4至6倍，台灣的道路交通安全已成世界各國旅遊指南中的問題。交通部為洗刷國際汙名自去年底提出5措施、3方向及10項精進策略作為因應，然而大部分為延續過去政策方向，若方向正確何以事故件數未能下降。 二、其中，交通事故案件近年外籍人士死傷人數不斷飆升，從2018年1,417人到2022年1-11月統計已達9,169人，雖外籍移工10年來人數成長約45%，但仍未及交通事故發生件數之倍數增長， 應針對外籍人士交通事故成因分析並提出具體改善方法 交通部。 三、交通部運研所推動「台灣地區易肇事路段改善計畫」，大部分僅以調整標線、改設牌面及調整時相做為改進措施，對於道路交通安全改善有限， 交通部是否爭取增加預算比照前瞻基礎建設計畫道路改善工程，擴大辦理「台灣地區易肇事路段改善計畫」，調整路型規劃有效提升道路通行安全 交通部。 四、交通部將借鏡日本於今年4月底完成「道路交通安全基本法」草案，但台灣道路管理權責不清，與日本集中在國土交通省不同，為釐清權責是否再次推動營建署納入交通部。現階段 建請行政院派政委成立院級「道路設計諮詢小組」，聘請一定比例外部專家，成為交通部與內政部營建署的政策溝通橋梁，針對各個易肇事路口推動整合性改進方案 交通部、內政部。","臺中市政府警察局交通警察大隊主動聯繫位於該市管理眾多外籍移工之長宏人力集團，針對移工常見之違規態樣錄製4國語言(菲律賓文、越南文、印尼文及泰文)相關宣導短片，並運用於外籍移工交通安全講座；","https://query.ey.gov.tw/legisWeb/webQuery.aspx?sys=620&funid=lglistnew&term=10&ses=7&srltype=2&leg=&unit_id=&senddatef=&senddatet=&seqf=30&seqt=30&keyword=&max=300&outmode=0","https://query.ey.gov.tw/legisweb/html/10_7_34_30.htm","UNVERIFIED","9fb944f2a48285b60c1c1fd19377be4f43c02d80f8818b6cc9d86c3a319c414c","2026-08-14T01:39:50+08:00"
"10-8-34-25","10","8","施政質詢","25","112/11/30","莊競程","教育部 、 國家科學及技術委員會","LOCAL_MENTION","INDIRECT","毒品","FULLTEXT","質詢時間：中華民國112年11月3日立法院第10屆第8會期第6次會議 對行政院院長施政報告之質詢 針對近來大學減招及退場，有媒體指出「大學退場，博士老師到中小學代課，學生像球被踢來踢去」，對相關問題教育部表示，為鼓勵私立學校聘用停招或停辦學校之編制內專任教師，教育部自110年度起，於私立技專校院獎補助增加獎勵經費，如學校聘任近3年全面停招或停辦情形之學校編制內專任教師為專任（案）教師，教育部依教師職級核予相應之補助；從113年起，將此計畫補助對象修正為教職員工。對於大專校院退場學生安置，教育部指出確保退場學校學生繼續就學的權益，是處理退場學校要務。教育部會持續督請分發學校（即安置後的新學校）妥適提供輔導措施並設置單一窗口協助學生，有關安置學生修業學分也會從寬抵免並協助輔導學生完成學位論文等，教育部並於安置學生入學第一學期進行到校實地訪視，以讓安置學生順利轉銜並繼續就讀。而為使安置學生就學銜接與順利完成學業，教育部也提出六大配套措施：一、透過退場基金提供分發學校及安置學生經費補助：補助協助安置學生及為維護學生受教權益所需相關費用，其中包括額外補助提供學生因轉學衍生之交通或住宿所需費用，及分發學校因協助安置學生所衍生額外支出之教師鐘點費、導師職務加給、學雜費收入差額等費用。二、學習輔導措施：學分從寬抵免在原校修習及格科目學分，並協助與輔導學生完成學位論文、專題製作或校外實習等畢業條件；學雜費以原校收費基準收取，分發學校收費基準較低者，從其規定。三、持續提供弱勢學生經費補助：針對符合資格之分發學生，持續提供所需助學措施，包括就學貸款、學雜費減免、弱勢助學、獎助學金及工讀申請等，以減輕學生就學之負擔。四、特教學生就學協助與資源：教育部補助各大專校院輔導身心障礙學生工作計畫經費，其中包括聘用專責輔導人員人事費及身心障礙學生助理服務費等項，由學校整合補助經費及行政、教學及輔導相關資源，提供身心障礙學生學習所必需之支持服務。五、責成分發學校設置單一窗口：學生前往分發學校銜接就讀，甫到新學校恐需時間適應校內環境與相關規定，為使學生儘快適應新環境，爰責成各分發學校應設置專責窗口，提供學生學習輔導或生活輔導等各方面協助，並給予心理層面之諮商輔導，以維護學生學習權益。六、到校實地訪視：為關懷及瞭解安置學生學習與適應情形，本部辦理學生分發作業後，於學生甫入學第一學期安排前往各安置學校進行訪視及輔導，透過與學生座談方式即時回應學生就學問題，同時督促安置學校落實學生課業及生活協助措施，以期減少學生休退學情形。就相關的議題，提出以下幾些問題，與教育部討論。 問題一：據統計，107至111學年有6所私立大專校院停辦，共270位教職員面臨失業，但教育部平台僅協助80人、約3成轉職成功，其他7成要自謀出路；而審計部報告也顯示，這6所學校學生安置到他校就讀後，退學率高達16.42%，是大專校院平均退學率的2.25倍。過去的數據顯示轉職成功的機會低，且學生轉校後的退學率也相當高， 教育部如何能夠確保，未來可能有更多的類似狀況，相關人員權益都能被保障，並且能夠做得比過去五年好？ 教育部 問題二：107至111學年有南榮科大、稻江科技暨管理學院、蘭陽技術學院、高美醫專、亞太創意技術學院及台灣觀光學院等6校停辦，分別有126位、31位、45位、20位、22位及26位共270位教職員面臨失業。 教育部有沒有掌握未來三年內，可能的停招停辦學校，可能影響的教職員人數約是多少？依教育部的預估，能夠安排媒合的能量是多少？ 教育部 問題三： 過去五年的這些兩百多位失業的教職員，後續是否有協處安置？處理情況如何？ 教育部 問題四：前面我們提到了，107至111學年有6所私立大專校院停辦，這6所學校學生安置到他校就讀後，退學率高達16.42%，而110學年大專校院平均退學率7.3%，很明顯的安置到他校後的學生有較高的退學率。 這些學生的退學主因教育部是否有掌握？若是這些因素無法排除，未來我們如何解決停招停辦學生的轉介安置？是否有其他的處置辦法可供參採？ 教育部 問題五： 近來爆出足協亂砍「五人制足球」的球員訓練費、教練薪資，並有積欠出場費、獎金以及裁判費等情況 ，嚴重打擊選手與基層的士氣。許多人士指出，足協欠薪的情況已經不是第一次。近期本席曾召開記者會， 要求體育署落實督導管理的責任，必要時提供協會相關協助，並且提出四項具體訴求如下 教育部：1.清查與公開所有對象/項目所積欠的費用，並提出償還計畫2.提升國家隊男女足，五人及十一人制球員及教練團待遇3.爭取2024亞洲室內運動會（泰國）男/女足五人制參賽權，2025女子世界盃五人制足球4.提升國內外集訓的後勤（如場地食宿安排）。體育署後續相關的辦理情形為何？是否能針對相關的訴求，具體回應？ 問題六：日前本席曾向體育署詢問台中FUTURO球隊參加亞足聯盃，相關費用的補助問題，事實上足協與球隊間尚有費用補助問題待釐清，且取得3連勝的台中FUTURO有晉級的機會，未來還有許多比賽費用的問題仍待解決。 體育署是否能協助球隊與足協就相關費用的問題，盡快取得解決的共識，以利球員專注球場上表現？ 教育部 問題七： 另外單側聽損學生的權益，本席希望教育部能夠審慎評估 教育部，正視單側聽損生的需求。單側聽損指一耳聽力損失，另一耳則維持正常聽力，有這類困擾的學生在大部分的情境下，雖然仍可聽辨語音，但常聽不清楚，以及定位有困難、噪音環境下辨音不易等不便，影響在校學習、溝通及社交等困難，亟需進一步關懷與協助。因此教育部可否進行身心障礙及資賦優異學生鑑定辦法的法規修正研擬，如其中第五條聽覺障礙鑑定基準之規定與單側聽損習習相關，例如團體具體建議條文應修正成任一耳五百赫、一千赫、二千赫、四千赫聽閾平均值達三十五分貝以上，相關細節希望教育部能夠審視相關意見，妥適修正，希望能使相關辦法呼應實際現況，使法令修正更臻於完善。 問題八：另就教 科技部，過去本席有與科技部做過討論，在北屯有許多新興社區反映，他們深受社區的二手毒害威脅卻又無從施力，針對這個問題，在上次的討論中，我們有提到科技部應研擬相關的科技偵測器材，並提出具體的說明 國科會，這部分不知道科技部目前研擬的進度為何？是否能簡單說明？","六、關於臺中市北屯有許多新興社區反映，社區受二手毒害威脅卻無從施力，國科會應研擬相關之科技偵測器問題： (一)有關國科會應研擬相關毒品偵測器方面，案經行政院羅政委秉成於本年7月4日召開跨部會「研商公寓大廈社區反毒專案會議」，會議決定有關研發毒品氣體偵測器部分，請國科會委託專家學者研究其可行性。","https://query.ey.gov.tw/legisWeb/webQuery.aspx?sys=620&funid=lglistnew&term=10&ses=8&srltype=2&leg=&unit_id=&senddatef=&senddatet=&seqf=25&seqt=25&keyword=&max=300&outmode=0","https://query.ey.gov.tw/legisweb/html/10_8_34_25.htm","UNVERIFIED","67f2076ca5c5e6d0523b400155d8ad2beb002fd3b011eeec35826a43e0f60492","2026-08-14T01:39:50+08:00"
"10-8-34-34","10","8","施政質詢","34","112/11/30","楊曜","法務部 、 行政院人事行政總處","LOCAL_MENTION","DIRECT","警方","FULLTEXT","質詢時間：中華民國112年11月7日立法院第10屆第8會期第6次會議 對行政院院長施政報告之質詢 楊曜 （司法及法制組） 一、 澎湖縣國軍聘僱人員支領地域加給提升案，建請行政院人事行政總處緊盯研議調升之進度。 本院人事行政總處 問題：澎湖縣軍公教人員離島加給，已於今年5月1日調升，與金門、馬祖一致，但仍有部分於政府機關或所屬事業機構工作之人員，所請領的離島加給並無同步調升，例如國軍的軍聘僱人員，但國防部已於十月下旬將調升軍聘僱人員離島加給案送至行政院，請行政院人事行政總處緊盯研議調升之進度，讓澎湖縣的軍聘僱人員獲得公平的對待，以符合公平正義原則。 二、 部分酒駕惟緩起訴處分附命酒精戒癮治療比率仍低，請法務部儘速研議精進作法。 法務部 問題：審計部報告指出，據法務部統計，近5年度（107至111年度）地檢署偵查案件終結件數計258萬餘件，其中不能安全駕駛罪計31萬餘件，排列第4名，僅低於詐欺罪（43萬餘件）、毒品罪（41萬餘件）及傷害罪（33萬餘件）等案件。又前述不能安全駕駛罪中超逾9成屬於酒駕案件者，107至111年度地檢署對酒駕案件予以緩起訴處分附命酒精戒癮治療者，自107年度之44人、0.2%，上升至111年度之374人、3.2%，顯示酒駕惟緩起訴處分附命酒精戒癮治療比率仍低，法務部應儘速訂定酒駕緩起訴處分暨戒癮治療作業指引，供地檢署遵循辦理。 三、 聲請保護令時間過長，導致家暴案件憾事發生，司法院該如何研議精進作為？ 法務部 問題：媒體報導，在110年8月，日姓男子在台中住家對妻子施暴，妻子於是帶著小孩回台南娘家，但後續又在111年12月男子獲得妻子原諒，與妻子再次與台南同居，又再次家暴，9歲女兒發現報警，警方受理後聲請通常保護令，但到今年1月9日召開家事法庭，當時尚未核准通常保護令，後在1月14日發生男子殺害妻子案，後來被害者家屬查到通常保護令是在1月12日核准，但郵寄送達時已是案發後的1月18日，顯示通常保護令的核准跟寄送過程都有待檢討，緊急保護令有規定需要在四小時內核發或駁回，通常保護令則是開庭審理，審理時間可能超過半年，這中間就有可能再次發生憾事，請問司法院是否研擬通常保護令審理的時間限制？ 四、 研議調整中央機關派駐各地方政府之公務人員職等應調整。 本院人事行政總處 問題：在107年，時任行政院院長的賴清德副總統，希望解決地方政府公務員「同職務不同職等」的問題，提出「職務列等調整建議案」，將非直轄市政府科長由「薦任第八職等」調整為「薦任第八職等至第九職等」，另非直轄市政府副局處長由「薦任第九職等」調整為「薦任第九職等至簡任第十職等」，此案後來也於107年7月3日銓敘部發布實施；而交通部今年9月15日起組織調整，觀光局升格為署，但職務列等卻未同步調整，以澎湖國家風景區管理處為例，依「國家風景區管理處組織通則」，課長職務列「薦任第八職等」，澎管處課長負責業務繁重，但職務列等卻比地方政府科長還低，是否請行政院就各中央機關派駐各地方政府之公務人員職等研議調整？","法務部 問題：媒體報導，在110年8月，日姓男子在台中住家對妻子施暴，妻子於是帶著小孩回台南娘家，但後續又在111年12月男子獲得妻子原諒，與妻子再次與台南同居，又再次家暴，9歲女兒發現報警，警方受理後聲請通常保護令，但到今年1月9日召開家事法庭，當時尚未核准通常保護令，後在1月14日發生男子殺害妻子案，後來被害者家屬查到通常保護令是在1月12日核准，但郵寄送達時已是案發後的1月18日，顯示通常保護令的核准跟寄送過程都有待檢討，緊急保護令有規定需要在四小時內核發或駁回，通常保護令則是開庭審理，審理時間可能超過半年，這中間就有可能再次發生憾事，請問司法院是否研擬通常保護令審理的時間限制？","https://query.ey.gov.tw/legisWeb/webQuery.aspx?sys=620&funid=lglistnew&term=10&ses=8&srltype=2&leg=&unit_id=&senddatef=&senddatet=&seqf=34&seqt=34&keyword=&max=300&outmode=0","https://query.ey.gov.tw/legisweb/html/10_8_34_34.htm","UNVERIFIED","363cdfbf1fa781a6dd8d4e1bb5b96f78343196fe0f5fd55bbfa437088f024343","2026-08-14T01:39:50+08:00"
"11-1-21-6","11","1","專案","6","113/03/13","羅智強","內政部 、 法務部 、 金融監督管理委員會 、 國家通訊傳播委員會","LOCAL_MENTION","INDIRECT","犯罪｜詐欺","FULLTEXT","本院羅委員智強，據報載我國籍劉姓男子因涉及電信詐騙案件而遭波蘭拘留超過6年，經法務部、外交部向波蘭提出引渡請求獲准，於年初引渡回臺受審後，僅裁定限制住居與出境並未羈押，使民眾直呼臺灣淪為詐欺者天堂，現現針對我國引渡詐騙犯回臺之標準、耗費成本與最終司法判決結果，特向行政院提出質詢。","臺灣臺中地方檢察署基於釐清本案劉嫌涉案之犯罪事實及有無其他臺灣地區共犯等涉案，提出向波蘭引渡劉嫌之請求，正是基於勿枉勿縱，並貫徹我國政府積極打擊詐欺犯罪之政策而為。","https://query.ey.gov.tw/legisWeb/webQuery.aspx?sys=620&funid=lglistnew&term=11&ses=1&srltype=1&leg=&unit_id=&senddatef=&senddatet=&seqf=6&seqt=6&keyword=&max=300&outmode=0","https://query.ey.gov.tw/legisweb/html/11_1_21_6.htm","UNVERIFIED","8e6428b59957d17f629cf98f16c481069e176d4cbf1f5e5b0c4a268d9617a084","2026-08-14T01:39:50+08:00"
"11-1-34-26","11","1","施政質詢","26","113/04/23","王世堅","交通部","LOCAL_MENTION","DIRECT","警察","FULLTEXT","質詢時間：中華民國113年3月22日立法院第11屆第1會期第6次會議 對行政院院長施政方針及施政報告之質詢 王世堅 （交通組） 案由：本院委員王世堅，就下述事項：一、交通部違規檢舉政策妥適性；二、台鐵邊坡工程改善進度與成效；等二案特向行政院院長、交通部、台鐵公司提出質詢。說明： 一、 「行車變換車道未打方向燈」檢舉案件不斷，實務上員警執法鮮少針對連續行為連續舉發，但經民眾檢舉者卻不得不罰，本席認為爰有逾越警察裁量權、違反比例原則之爭議 交通部，特此詢問行政院院長、交通部： (一)去年未依規定使用方向燈違規案件多達108萬3千餘件：據警政統計，去年未依規定使用方向燈違規案件高達108萬3千607件，已造成警力負擔過重；例如有一位王姓駕駛人騎乘機車，穿梭於巷弄間，於2分鐘內3次在不同路口轉彎皆未依規定打方向燈，遭後方車輛連續檢舉，「2分鐘內舉發3次」舉發違規之間隔過密、次數過多，2分鐘內舉發3次，舉發違規之間隔過密、次數過多，更有機車騎士曾一次接七單全是罰單，總共要吃8,400元罰鍰，顯然違反比例原則！ (二)民眾檢舉害警察無法行使裁量權、違反比例原則被法院認證：前述「2分鐘內舉發3次」案經臺南地方法院認其第1次未打方向燈遭罰，於法並無不合，但後續2次違規行為密集，該裁罰違反比例原則及連續舉發規定而撤銷原處分。另亦有報載曾姓民眾駕車行經國道1號北向入口匝道，1分鐘內2度變換車道未打方向燈，被民眾檢舉遭開2張3千元罰單，案經臺中地方法院認為違規時間、地點均不相同，應分別處罰而駁回，顯見 「民眾檢舉害警察無法行使裁量權、違反比例原則已被法院認證」，類此案例有多少？請交通部一周內提供統計資料。 (三)請交通部於一個月內研議未打方向燈遭民眾檢舉之異議申訴方案：雖說按「違反道路交通管理事件統一裁罰基準及處理細則」規定，逕行舉發汽機車未打方向燈，若違規地點相距6公里以上、違規時間相隔6分鐘以上或行駛經過1個路口以上者，方得連續舉發，但實務上對於民眾檢舉，交通部去年12月5日曾函式：「針對違停才需要審認，不符合違規規定才能被駁回，但『未打方向燈』竟不在此限」，本席認為並不合理， 請交通部於一個月內研議未打方向燈遭檢舉之異議申訴方案。 (四)通盤檢討修正現行法令所定連續舉發裁罰有關規範：1.本席同意道交條例允許執法員警得以連續舉發裁罰警惕、遏阻交通違規行為，以達維護交通秩序與安全之行政管制目的，惟仍須符合憲法第23條比例原則、授權明確性原則及行政程序法上一般法律原則。2.近日交通部考量「放寬民眾檢舉項目及增加記違規點數項目，致案件量暴增、1年內記違規點數每達12點即吊扣駕駛執照，各界反映已嚴重影響職業駕駛人工作權，並造成警察機關執法量能龐大負擔、且民眾檢舉制度已悖離當初彌補警力不足之立法目的，記違規點數制度亦因道路實際環境配套措施尚未完備衍生實務問題，相關社會爭議亟需解決」等因素，檢討放寬最高罰鍰1,200元以下輕微違規限縮不予民眾檢舉，及當場舉發案件可確認實際駕駛人始予記點，惟並「未放寬每年近百萬件檢舉的未依規定使用方向燈」， 請交通部於一周內研議針對情狀輕微之未打方向燈違規案件，是否應一併限縮不予民眾檢舉？ 3.「一行為不二罰原則」（禁止雙重處罰原則），乃法治國家依法安定原則、信賴保護原則及比例原則所導出之憲法基本權要求。民眾檢舉舉發案件，理應也適用連續舉發之限制規範，然而交通部卻對法規目的性限縮（交通部2018年11月22日交路字第1070028628號函），認為現行道交條例第85條之1第2項所定第7條之2逕行舉發案件得予連續舉發之限制，尚不宜擴張適用於第7條之1之民眾檢舉舉發案件。請 交通部一個月內研議將第7條之1的民眾檢舉舉發案件納入連續舉發限制規範之適用範圍。 二、台鐵太魯閣號列車於2021年4月2日，因撞上邊坡滑落的工程車出軌，造成慘重傷亡，本席針對 「邊坡全自動監視預警系統」、「車輛入侵告警系統」及「緊急斷電系統」等建置進度 交通部，特此詢問行政院院長、台鐵公司： (一)邊坡全自動監視預警系統：台鐵公司目前共建置26處「邊坡全自動監視預警系統」所，該系統自112年4月起上線監看至今已逾一年，但皆僅為環境因素（如野生動物入侵軌道、天候雨滴及陽光陰影等因素）才導致告警，尚無因邊坡滑動或落石所啟動之告警，但這兩年年落石侵入軌道之新聞仍有不少，如2023年7月23日土石流侵入集集支線隘寮段、今年3月台鐵九曲堂站民眾闖軌道遭鳴笛聲嚇到摔落邊坡等等；故請 台鐵公司一個月內提供近3年所有邊坡異物侵入軌道之記錄、並說明告警系統「零啟動」之原因 。 (二)邊坡滑動告警系統：台鐵公司目前於營運路線上之地質敏感區、環境災害潛勢區或曾發生災害等高風險路段，已陸續於37處邊坡完成地工監測儀器設置，總計有119組（水位計、傾度管、地錨荷重計、傾斜儀等），均定期由專業技師依監測數值評估邊坡狀態，適時提供專業判斷及後續因應作為，自去年建置完成至今，亦無因邊坡滑動或落石所啟動之告警；故 請台鐵公司一個月內提供近3年所有邊坡滑動之記錄、並說明告警系統「零啟動」之原因 。 (三)車輛入侵告警系統：依鐵路法第59條第4款：「臨近鐵路之公路高於鐵路之地段，應由該公路之主管機關，在其臨近鐵路之一邊設置護欄。」但台鐵公司自行評估後僅38處高風險路段規畫設置實體阻隔，僅15處設置告警系統且至今尚未完工， 請台鐵說明選定高風險路段的標準為何？車輛入侵防護有其必要性，為何遲至今年2月才動工？並請台鐵公司一個月內提供近3年所有車輛入侵記錄？ (四)緊急斷電系統：台鐵公司的電力系統有即時保護反應裝置，若有路樹或外來物都是cycle等級（< <1秒）跳脫，目前統計112年累計共9次緊急斷電。但卻未對於月台或站區的列車設置緊急停車按鈕。另雖於平交道設有「緊急按鈕」「障礙物自動偵測系統」、車上設有「列車防護無線電」、調度所設有「1933緊急事故通報專線」、及車站「列車監視通報機制」，可以即時通知司機員緊急停車，但無從得知上開系統之效能，故 請台鐵公司一個月內提供近5年所有「列車緊急停車」記錄及停車原因？告警系統是否均有啟動？","另亦有報載曾姓民眾駕車行經國道1號北向入口匝道，1分鐘內2度變換車道未打方向燈，被民眾檢舉遭開2張3千元罰單，案經臺中地方法院認為違規時間、地點均不相同，應分別處罰而駁回，顯見 「民眾檢舉害警察無法行使裁量權、違反比例原則已被法院認證」，類此案例有多少？","https://query.ey.gov.tw/legisWeb/webQuery.aspx?sys=620&funid=lglistnew&term=11&ses=1&srltype=2&leg=&unit_id=&senddatef=&senddatet=&seqf=26&seqt=26&keyword=&max=300&outmode=0","https://query.ey.gov.tw/legisweb/html/11_1_34_26.htm","UNVERIFIED","427d6026837a1406a00bc7fb15ac6c014ef5ece75582499e1a695544fda90828","2026-08-14T01:39:50+08:00"
"11-5-34-14","11","5","施政質詢","14","115/05/27","張宏陸","內政部 、 教育部 、 文化部","LOCAL_MENTION","INDIRECT","性侵","FULLTEXT","質詢時間：中華民國115年4月28日立法院第11屆第5會期第8次會議 對行政院院長施政方針及施政報告之質詢 張宏陸 一 、國家兒童未來館進程及計畫： 文化部、教育部 「國家兒童未來館」自今年二月通過都市審議計畫後，至今已有月餘卻仍在採購工作暨審查小組會議階段，為使全國兒童能夠順利並及早體驗，對此，本席要求應研議如何加速工程進度，以及將目前工程進度定期公布至官網「籌備進度專區」，使全國兒童及各教育團隊能即時掌握，勿讓新板特區最後一塊拼圖空置過久。 其次，國家兒童未來館設立初衷係為了打造國家級專屬兒童之場館，而在主場館興建期間，設置「國家兒童未來館願景館」（以下簡稱願景館），意在興建期間，透過願景館邀做為兒童實際參與、體驗之場域。 誠如上述所言，「國家兒童未來館」設立初衷為打造國家級專屬兒童之場館，場館設定的受眾為全國，乃至於全世界的兒童，期許無論是來自都市或偏鄉的孩子，都能在這座國家級的兒童場館，找到自己所想體驗、學習的領域，同理，我們對於願景館亦有同樣的期許，希望藉由兒童到願景館參訪、體驗，蒐集多元、多面向的意見，形成未來「國家兒童未來館」主場館營運重要參考方針。 但，據統計，願景館自114年5月24日開幕，至同年12月14日，參觀人次共計9,273人，年齡層以6歲至10歲為主，且大多皆為假日時段來自雙北地區之兒童團體，至館人數僅占雙北地區6歲至10歲人口數3.43%。 本席以為，「國家兒童未來館」做為以全國性目標興建之場館，願景館的設置也應延續其設立理念與目標，廣納全國兒童之意見，無論是來自都會或偏鄉的孩子，每位孩子的意見都是重要的參考，但就目前願景館的營運情況，不僅看到其營運之侷限性，更有違對願景館設立之初的目標與期許。 本辦公室曾邀請國家兒童未來館籌備處前來針對參觀情況進行現象探討，得到的回應是場地太小，做為景點有參觀時間不足等問題。但本席認為，前述問題都非無法克服之問題，最重要的問題是願景館畫地自限，並未以開闊的視野，正視自己當初設立的目標。 因此，本席提出以下三項建議，請相關單位進行回覆： (一)請籌備處與新北市政府合作，對於工程進度即時更新至官網「籌備進度專區」，俾利工程進度加速進行。 (二)請願景館籌備處與教育部建立平台，鼓勵將願景館納入國民小學課外活動或校外教學到訪據點之一。先由新北、台北、基隆、桃園、宜蘭等鄰近縣市做起，進而規劃全國各縣市國民小學兒童前來參觀。 (三)請「國家兒童未來館願景館」重新擬定營運方針與參觀計畫，進而吸引國民小學之外的教育團體前來參觀，豐富其「國家兒童未來館」之意見蒐集之面向。 二 、「身心調適假」向下適用至國民中學之可行性： 教育部 近期新北市多所國民中學發生自我傷害行為，對此，本席認為應更加重視國中生之身心狀況，先前教育部已在高級中學增列「身心調適假」，並完整規劃請假條件、程序及範圍等配套措施。 然而，隨著現今科技等外在環境快速發展，青少年心智年齡越發成熟，許多因素皆會影響青少年之身心發展，除了提升學生知識教育，顧及其身心發展亦不可或缺，可借鏡目前已於高級中學實行之身心調適假，匯集多方意見，評估身心調適假於國民中學適用之可行性。 本席建議相關單位研議將身心調適假向下延伸適用至國民中學，併同配套措施一併研議，並徵求有意願之國民中學試辦以利收集相關建議，維護青少年權益及身心發展。 三 、不適任教育人員之通報資訊蒐集及查詢系統： 教育部、內政部 近日，台中市爆發國民小學棒球隊教練性侵案，經查，該教練先 前因猥褻而遭判緩刑之前案紀錄，並於緩刑後持良民證 繼續任教，但其實於教育部「不適任教師查詢系統」可查詢紀錄，避免此次事件的發生。 據了解，依目前《不適任教育人員之通報資訊蒐集及查詢處理利用辦法》中第五條及第十二條規定教育人員之通報及查詢程序，該系統需於主動查詢下，才會進入有疑慮之教育人員之通報程序，若遇到校方或主責單位刻意隱瞞或積極及消極不作為，該系統之設置功能立即喪失。 綜上所述，設置此通報及查詢系統係為了杜絕不適任教育人員進入校園，以完善教育體制，本席建議教育部可與相關單位研議「增設強制查詢系統」，或「設置聘用資料與系統對接使其觸發警報機制」等，讓通報及查詢義務緊密連接，以防人為操作之漏洞造成憾事。","三 、不適任教育人員之通報資訊蒐集及查詢系統： 教育部、內政部 近日，台中市爆發國民小學棒球隊教練性侵案，經查，該教練先 前因猥褻而遭判緩刑之前案紀錄，並於緩刑後持良民證 繼續任教，但其實於教育部「不適任教師查詢系統」可查詢紀錄，避免此次事件的發生。","https://query.ey.gov.tw/legisWeb/webQuery.aspx?sys=620&funid=lglistnew&term=11&ses=5&srltype=2&leg=&unit_id=&senddatef=&senddatet=&seqf=14&seqt=14&keyword=&max=300&outmode=0","https://query.ey.gov.tw/legisweb/html/11_5_34_14.htm","UNVERIFIED","811f492c1910f42b9056dfc0539ee93ce1269f7980f807c6719c932d4f4be5f1","2026-08-14T01:39:50+08:00"
