source_id,source_name,date,date_basis,date_raw,item_id,title,agency_or_actor,relevance,source_url,evidence_note,fetched_at
S-005,內政部警政署警政新聞,2026-08-11,official_post_date,2026-08-11T10:00,1,溯源斬斷黑幫毒品供應鏈 刑事局破獲「喪屍煙彈」加工分裝場,刑事警察局公共關係室,CONTEXT_ONLY,https://opdadm.moi.gov.tw/api/v1/no-auth/resource/api/dataset/00F7F1C4-2AC0-461C-B060-A6FCD3FF6E45/resource/56729325-2465-4C6D-AC36-F7628CAB29B6/download,官方 CSV；serialNo 為原始識別。,2026-08-14T01:42:42+08:00
S-010,臺中市議會議員質詢影音,2026-08-11,official_meeting_date,2026-08-11,14398,第4屆第8次定期會 業務質詢：民政部分,林昊佑,PREP_CONTEXT_NOT_POLICE_SPECIFIC,https://vod.tccc.gov.tw/wb_news02.asp?url=92&ano=14398&pageno=1,官方個別影音；片長 00:15。,2026-08-14T01:42:42+08:00
S-010,臺中市議會議員質詢影音,2026-08-11,official_meeting_date,2026-08-11,14399,第4屆第8次定期會 業務質詢：民政部分,曾朝榮,PREP_CONTEXT_NOT_POLICE_SPECIFIC,https://vod.tccc.gov.tw/wb_news02.asp?url=92&ano=14399&pageno=1,官方個別影音；片長 00:15。,2026-08-14T01:42:42+08:00
S-010,臺中市議會議員質詢影音,2026-08-11,official_meeting_date,2026-08-11,14400,第4屆第8次定期會 業務質詢：民政部分(謝志忠、王立任等議員聯合質詢),謝志忠,PREP_CONTEXT_NOT_POLICE_SPECIFIC,https://vod.tccc.gov.tw/wb_news02.asp?url=92&ano=14400&pageno=1,官方個別影音；片長 00:15。,2026-08-14T01:42:42+08:00
S-010,臺中市議會議員質詢影音,2026-08-11,official_meeting_date,2026-08-11,14401,第4屆第8次定期會 業務質詢：民政部分(謝志忠、王立任等議員聯合質詢),王立任,PREP_CONTEXT_NOT_POLICE_SPECIFIC,https://vod.tccc.gov.tw/wb_news02.asp?url=92&ano=14401&pageno=1,官方個別影音；片長 00:15。,2026-08-14T01:42:42+08:00
S-010,臺中市議會議員質詢影音,2026-08-11,official_meeting_date,2026-08-11,14402,第4屆第8次定期會 業務質詢：民政部分(張芬郁、謝家宜、陳雅惠等議員聯合質詢),張芬郁,PREP_CONTEXT_NOT_POLICE_SPECIFIC,https://vod.tccc.gov.tw/wb_news02.asp?url=92&ano=14402&pageno=1,官方個別影音；片長 00:15。,2026-08-14T01:42:42+08:00
S-010,臺中市議會議員質詢影音,2026-08-11,official_meeting_date,2026-08-11,14403,第4屆第8次定期會 業務質詢：民政部分(張芬郁、謝家宜、陳雅惠等議員聯合質詢),謝家宜,PREP_CONTEXT_NOT_POLICE_SPECIFIC,https://vod.tccc.gov.tw/wb_news02.asp?url=92&ano=14403&pageno=1,官方個別影音；片長 00:15。,2026-08-14T01:42:42+08:00
S-010,臺中市議會議員質詢影音,2026-08-11,official_meeting_date,2026-08-11,14404,第4屆第8次定期會 業務質詢：民政部分(張芬郁、謝家宜、陳雅惠等議員聯合質詢),陳雅惠,PREP_CONTEXT_NOT_POLICE_SPECIFIC,https://vod.tccc.gov.tw/wb_news02.asp?url=92&ano=14404&pageno=1,官方個別影音；片長 00:15。,2026-08-14T01:42:42+08:00
S-010,臺中市議會議員質詢影音,2026-08-11,official_meeting_date,2026-08-11,14405,第4屆第8次定期會 業務質詢：民政部分,鄭功進,PREP_CONTEXT_NOT_POLICE_SPECIFIC,https://vod.tccc.gov.tw/wb_news02.asp?url=92&ano=14405&pageno=1,官方個別影音；片長 00:15。,2026-08-14T01:42:42+08:00
S-010,臺中市議會議員質詢影音,2026-08-11,official_meeting_date,2026-08-11,14406,第4屆第8次定期會 業務質詢：民政部分,黃馨慧,PREP_CONTEXT_NOT_POLICE_SPECIFIC,https://vod.tccc.gov.tw/wb_news02.asp?url=92&ano=14406&pageno=1,官方個別影音；片長 00:15。,2026-08-14T01:42:42+08:00
S-010,臺中市議會議員質詢影音,2026-08-11,official_meeting_date,2026-08-11,14407,第4屆第8次定期會 業務質詢：民政部分,李天生,PREP_CONTEXT_NOT_POLICE_SPECIFIC,https://vod.tccc.gov.tw/wb_news02.asp?url=92&ano=14407&pageno=1,官方個別影音；片長 00:15。,2026-08-14T01:42:42+08:00
S-010,臺中市議會議員質詢影音,2026-08-11,official_meeting_date,2026-08-11,14408,第4屆第8次定期會 業務質詢：民政部分,江和樹,PREP_CONTEXT_NOT_POLICE_SPECIFIC,https://vod.tccc.gov.tw/wb_news02.asp?url=92&ano=14408&pageno=1,官方個別影音；片長 00:15。,2026-08-14T01:42:42+08:00
S-010,臺中市議會議員質詢影音,2026-08-11,official_meeting_date,2026-08-11,14409,第4屆第8次定期會 業務質詢：民政部分,陳文政,PREP_CONTEXT_NOT_POLICE_SPECIFIC,https://vod.tccc.gov.tw/wb_news02.asp?url=92&ano=14409&pageno=1,官方個別影音；片長 00:15。,2026-08-14T01:42:42+08:00
S-010,臺中市議會議員質詢影音,2026-08-11,official_meeting_date,2026-08-11,14410,第4屆第8次定期會 業務質詢：民政部分,劉士州,PREP_CONTEXT_NOT_POLICE_SPECIFIC,https://vod.tccc.gov.tw/wb_news02.asp?url=92&ano=14410&pageno=1,官方個別影音；片長 00:15。,2026-08-14T01:42:42+08:00
S-010,臺中市議會議員質詢影音,2026-08-11,official_meeting_date,2026-08-11,14411,第4屆第8次定期會 業務質詢：民政部分(謝志忠、黃守達等議員聯合質詢),謝志忠,PREP_CONTEXT_NOT_POLICE_SPECIFIC,https://vod.tccc.gov.tw/wb_news02.asp?url=92&ano=14411&pageno=1,官方個別影音；片長 00:15。,2026-08-14T01:42:42+08:00
S-010,臺中市議會議員質詢影音,2026-08-11,official_meeting_date,2026-08-11,14412,第4屆第8次定期會 業務質詢：民政部分(謝志忠、黃守達等議員聯合質詢),黃守達,PREP_CONTEXT_NOT_POLICE_SPECIFIC,https://vod.tccc.gov.tw/wb_news02.asp?url=92&ano=14412&pageno=1,官方個別影音；片長 00:15。,2026-08-14T01:42:42+08:00
S-010,臺中市議會議員質詢影音,2026-08-11,official_meeting_date,2026-08-11,14413,第4屆第8次定期會 業務質詢：民政部分(周永鴻、張家銨等議員聯合質詢),周永鴻,PREP_CONTEXT_NOT_POLICE_SPECIFIC,https://vod.tccc.gov.tw/wb_news02.asp?url=92&ano=14413&pageno=1,官方個別影音；片長 00:15。,2026-08-14T01:42:42+08:00
S-010,臺中市議會議員質詢影音,2026-08-11,official_meeting_date,2026-08-11,14414,第4屆第8次定期會 業務質詢：民政部分(周永鴻、張家銨等議員聯合質詢),張家銨,PREP_CONTEXT_NOT_POLICE_SPECIFIC,https://vod.tccc.gov.tw/wb_news02.asp?url=92&ano=14414&pageno=1,官方個別影音；片長 00:15。,2026-08-14T01:42:42+08:00
S-010,臺中市議會議員質詢影音,2026-08-11,official_meeting_date,2026-08-11,14415,第4屆第8次定期會 業務質詢：民政部分,賴義鍠,PREP_CONTEXT_NOT_POLICE_SPECIFIC,https://vod.tccc.gov.tw/wb_news02.asp?url=92&ano=14415&pageno=1,官方個別影音；片長 00:15。,2026-08-14T01:42:42+08:00
S-010,臺中市議會議員質詢影音,2026-08-11,official_meeting_date,2026-08-11,14416,第4屆第8次定期會 業務質詢：民政部分(陳本添、林碧秀等議員聯合質詢),陳本添,PREP_CONTEXT_NOT_POLICE_SPECIFIC,https://vod.tccc.gov.tw/wb_news02.asp?url=92&ano=14416&pageno=1,官方個別影音；片長 00:30。,2026-08-14T01:42:42+08:00
S-010,臺中市議會議員質詢影音,2026-08-11,official_meeting_date,2026-08-11,14417,第4屆第8次定期會 業務質詢：民政部分(陳本添、林碧秀等議員聯合質詢),林碧秀,PREP_CONTEXT_NOT_POLICE_SPECIFIC,https://vod.tccc.gov.tw/wb_news02.asp?url=92&ano=14417&pageno=1,官方個別影音；片長 00:30。,2026-08-14T01:42:42+08:00
S-010,臺中市議會議員質詢影音,2026-08-11,official_meeting_date,2026-08-11,14418,第4屆第8次定期會 業務質詢：民政部分,朱元宏,PREP_CONTEXT_NOT_POLICE_SPECIFIC,https://vod.tccc.gov.tw/wb_news02.asp?url=92&ano=14418&pageno=1,官方個別影音；片長 00:15。,2026-08-14T01:42:42+08:00
S-010,臺中市議會議員質詢影音,2026-08-11,official_meeting_date,2026-08-11,14419,第4屆第8次定期會 業務質詢：民政部分(張廖乃綸、李文傑等議員聯合質詢),張廖乃綸,PREP_CONTEXT_NOT_POLICE_SPECIFIC,https://vod.tccc.gov.tw/wb_news02.asp?url=92&ano=14419&pageno=1,官方個別影音；片長 00:30。,2026-08-14T01:42:42+08:00
S-010,臺中市議會議員質詢影音,2026-08-11,official_meeting_date,2026-08-11,14420,第4屆第8次定期會 業務質詢：民政部分(張廖乃綸、李文傑等議員聯合質詢),李文傑,PREP_CONTEXT_NOT_POLICE_SPECIFIC,https://vod.tccc.gov.tw/wb_news02.asp?url=92&ano=14420&pageno=1,官方個別影音；片長 00:30。,2026-08-14T01:42:42+08:00
S-010,臺中市議會議員質詢影音,2026-08-11,official_meeting_date,2026-08-11,14421,第4屆第8次定期會 業務質詢：民政部分,林孟令,PREP_CONTEXT_NOT_POLICE_SPECIFIC,https://vod.tccc.gov.tw/wb_news02.asp?url=92&ano=14421&pageno=1,官方個別影音；片長 00:15。,2026-08-14T01:42:42+08:00
S-010,臺中市議會議員質詢影音,2026-08-12,official_meeting_date,2026-08-12,14422,第4屆第8次定期會 業務質詢：民政部分,朱暖英,PREP_CONTEXT_NOT_POLICE_SPECIFIC,https://vod.tccc.gov.tw/wb_news02.asp?url=92&ano=14422&pageno=1,官方個別影音；片長 00:15。,2026-08-14T01:42:42+08:00
S-010,臺中市議會議員質詢影音,2026-08-12,official_meeting_date,2026-08-12,14423,第4屆第8次定期會 業務質詢：民政部分,王立任,PREP_CONTEXT_NOT_POLICE_SPECIFIC,https://vod.tccc.gov.tw/wb_news02.asp?url=92&ano=14423&pageno=1,官方個別影音；片長 00:15。,2026-08-14T01:42:42+08:00
S-010,臺中市議會議員質詢影音,2026-08-12,official_meeting_date,2026-08-12,14424,第4屆第8次定期會 業務質詢：民政部分,徐瑄灃,PREP_CONTEXT_NOT_POLICE_SPECIFIC,https://vod.tccc.gov.tw/wb_news02.asp?url=92&ano=14424&pageno=1,官方個別影音；片長 00:15。,2026-08-14T01:42:42+08:00
S-010,臺中市議會議員質詢影音,2026-08-12,official_meeting_date,2026-08-12,14425,第4屆第8次定期會 業務質詢：民政部分,張玉嬿,PREP_CONTEXT_NOT_POLICE_SPECIFIC,https://vod.tccc.gov.tw/wb_news02.asp?url=92&ano=14425&pageno=1,官方個別影音；片長 00:15。,2026-08-14T01:42:42+08:00
S-010,臺中市議會議員質詢影音,2026-08-12,official_meeting_date,2026-08-12,14426,第4屆第8次定期會 業務質詢：民政部分(施志昌、林祈烽等議員聯合質詢),施志昌,PREP_CONTEXT_NOT_POLICE_SPECIFIC,https://vod.tccc.gov.tw/wb_news02.asp?url=92&ano=14426&pageno=1,官方個別影音；片長 00:15。,2026-08-14T01:42:42+08:00
S-010,臺中市議會議員質詢影音,2026-08-12,official_meeting_date,2026-08-12,14427,第4屆第8次定期會 業務質詢：民政部分(施志昌、林祈烽等議員聯合質詢),林祈烽,PREP_CONTEXT_NOT_POLICE_SPECIFIC,https://vod.tccc.gov.tw/wb_news02.asp?url=92&ano=14427&pageno=1,官方個別影音；片長 00:15。,2026-08-14T01:42:42+08:00
S-010,臺中市議會議員質詢影音,2026-08-12,official_meeting_date,2026-08-12,14428,第4屆第8次定期會 業務質詢：民政部分,古秀英,PREP_CONTEXT_NOT_POLICE_SPECIFIC,https://vod.tccc.gov.tw/wb_news02.asp?url=92&ano=14428&pageno=1,官方個別影音；片長 00:15。,2026-08-14T01:42:42+08:00
S-010,臺中市議會議員質詢影音,2026-08-12,official_meeting_date,2026-08-12,14429,第4屆第8次定期會 業務質詢：民政部分,楊大鋐,PREP_CONTEXT_NOT_POLICE_SPECIFIC,https://vod.tccc.gov.tw/wb_news02.asp?url=92&ano=14429&pageno=1,官方個別影音；片長 00:15。,2026-08-14T01:42:42+08:00
S-010,臺中市議會議員質詢影音,2026-08-12,official_meeting_date,2026-08-12,14430,第4屆第8次定期會 業務質詢：民政部分(陳文政、黃佳恬、邱愛珊等議員聯合質詢),陳文政,PREP_CONTEXT_NOT_POLICE_SPECIFIC,https://vod.tccc.gov.tw/wb_news02.asp?url=92&ano=14430&pageno=1,官方個別影音；片長 00:30。,2026-08-14T01:42:42+08:00
S-010,臺中市議會議員質詢影音,2026-08-12,official_meeting_date,2026-08-12,14431,第4屆第8次定期會 業務質詢：民政部分(陳文政、黃佳恬、邱愛珊等議員聯合質詢),黃佳恬,PREP_CONTEXT_NOT_POLICE_SPECIFIC,https://vod.tccc.gov.tw/wb_news02.asp?url=92&ano=14431&pageno=1,官方個別影音；片長 00:30。,2026-08-14T01:42:42+08:00
S-010,臺中市議會議員質詢影音,2026-08-12,official_meeting_date,2026-08-12,14432,第4屆第8次定期會 業務質詢：民政部分(陳文政、黃佳恬、邱愛珊等議員聯合質詢),邱愛珊,PREP_CONTEXT_NOT_POLICE_SPECIFIC,https://vod.tccc.gov.tw/wb_news02.asp?url=92&ano=14432&pageno=1,官方個別影音；片長 00:30。,2026-08-14T01:42:42+08:00
S-010,臺中市議會議員質詢影音,2026-08-12,official_meeting_date,2026-08-12,14433,第4屆第8次定期會 業務質詢：民政部分,李中,PREP_CONTEXT_NOT_POLICE_SPECIFIC,https://vod.tccc.gov.tw/wb_news02.asp?url=92&ano=14433&pageno=1,官方個別影音；片長 00:15。,2026-08-14T01:42:42+08:00
S-010,臺中市議會議員質詢影音,2026-08-12,official_meeting_date,2026-08-12,14434,第4屆第8次定期會 業務質詢：民政部分(蕭隆澤、陳淑華等議員聯合質詢),蕭隆澤,PREP_CONTEXT_NOT_POLICE_SPECIFIC,https://vod.tccc.gov.tw/wb_news02.asp?url=92&ano=14434&pageno=1,官方個別影音；片長 00:30。,2026-08-14T01:42:42+08:00
S-010,臺中市議會議員質詢影音,2026-08-12,official_meeting_date,2026-08-12,14435,第4屆第8次定期會 業務質詢：民政部分(蕭隆澤、陳淑華等議員聯合質詢),陳淑華,PREP_CONTEXT_NOT_POLICE_SPECIFIC,https://vod.tccc.gov.tw/wb_news02.asp?url=92&ano=14435&pageno=1,官方個別影音；片長 00:30。,2026-08-14T01:42:42+08:00
S-010,臺中市議會議員質詢影音,2026-08-12,official_meeting_date,2026-08-12,14436,第4屆第8次定期會 業務質詢：民政部分(賴朝國、張瀞分、蘇柏興等議員聯合質詢),賴朝國,PREP_CONTEXT_NOT_POLICE_SPECIFIC,https://vod.tccc.gov.tw/wb_news02.asp?url=92&ano=14436&pageno=1,官方個別影音；片長 00:45。,2026-08-14T01:42:42+08:00
S-010,臺中市議會議員質詢影音,2026-08-12,official_meeting_date,2026-08-12,14437,第4屆第8次定期會 業務質詢：民政部分(賴朝國、張瀞分、蘇柏興等議員聯合質詢),張瀞分,PREP_CONTEXT_NOT_POLICE_SPECIFIC,https://vod.tccc.gov.tw/wb_news02.asp?url=92&ano=14437&pageno=1,官方個別影音；片長 00:45。,2026-08-14T01:42:42+08:00
S-010,臺中市議會議員質詢影音,2026-08-12,official_meeting_date,2026-08-12,14438,第4屆第8次定期會 業務質詢：民政部分(賴朝國、張瀞分、蘇柏興等議員聯合質詢),蘇柏興,PREP_CONTEXT_NOT_POLICE_SPECIFIC,https://vod.tccc.gov.tw/wb_news02.asp?url=92&ano=14438&pageno=1,官方個別影音；片長 00:45。,2026-08-14T01:42:42+08:00
S-010,臺中市議會議員質詢影音,2026-08-12,official_meeting_date,2026-08-12,14439,第4屆第8次定期會 業務質詢：民政部分,沈佑蓮,PREP_CONTEXT_NOT_POLICE_SPECIFIC,https://vod.tccc.gov.tw/wb_news02.asp?url=92&ano=14439&pageno=1,官方個別影音；片長 00:15。,2026-08-14T01:42:42+08:00
S-010,臺中市議會議員質詢影音,2026-08-12,official_meeting_date,2026-08-12,14440,第4屆第8次定期會 業務質詢：民政部分,楊啓邦,PREP_CONTEXT_NOT_POLICE_SPECIFIC,https://vod.tccc.gov.tw/wb_news02.asp?url=92&ano=14440&pageno=1,官方個別影音；片長 00:15。,2026-08-14T01:42:42+08:00
S-010,臺中市議會議員質詢影音,2026-08-12,official_meeting_date,2026-08-12,14441,第4屆第8次定期會 業務質詢：民政部分,陳廷秀,PREP_CONTEXT_NOT_POLICE_SPECIFIC,https://vod.tccc.gov.tw/wb_news02.asp?url=92&ano=14441&pageno=1,官方個別影音；片長 00:15。,2026-08-14T01:42:42+08:00
S-010,臺中市議會議員質詢影音,2026-08-13,official_meeting_date,2026-08-13,14442,第4屆第8次定期會 業務質詢：民政部分,賴順仁,PREP_CONTEXT_NOT_POLICE_SPECIFIC,https://vod.tccc.gov.tw/wb_news02.asp?url=92&ano=14442&pageno=1,官方個別影音；片長 00:15。,2026-08-14T01:42:42+08:00
S-010,臺中市議會議員質詢影音,2026-08-13,official_meeting_date,2026-08-13,14443,第4屆第8次定期會 業務質詢：民政部分,吳佩芸,PREP_CONTEXT_NOT_POLICE_SPECIFIC,https://vod.tccc.gov.tw/wb_news02.asp?url=92&ano=14443&pageno=1,官方個別影音；片長 00:15。,2026-08-14T01:42:42+08:00
S-010,臺中市議會議員質詢影音,2026-08-13,official_meeting_date,2026-08-13,14444,第4屆第8次定期會 業務質詢：民政部分(林祈烽、施志昌等議員聯合質詢),林祈烽,PREP_CONTEXT_NOT_POLICE_SPECIFIC,https://vod.tccc.gov.tw/wb_news02.asp?url=92&ano=14444&pageno=1,官方個別影音；片長 00:15。,2026-08-14T01:42:42+08:00
S-010,臺中市議會議員質詢影音,2026-08-13,official_meeting_date,2026-08-13,14445,第4屆第8次定期會 業務質詢：民政部分(林祈烽、施志昌等議員聯合質詢),施志昌,PREP_CONTEXT_NOT_POLICE_SPECIFIC,https://vod.tccc.gov.tw/wb_news02.asp?url=92&ano=14445&pageno=1,官方個別影音；片長 00:15。,2026-08-14T01:42:42+08:00
S-010,臺中市議會議員質詢影音,2026-08-13,official_meeting_date,2026-08-13,14446,第4屆第8次定期會 業務質詢：民政部分,何文海,PREP_CONTEXT_NOT_POLICE_SPECIFIC,https://vod.tccc.gov.tw/wb_news02.asp?url=92&ano=14446&pageno=1,官方個別影音；片長 00:15。,2026-08-14T01:42:42+08:00
S-010,臺中市議會議員質詢影音,2026-08-13,official_meeting_date,2026-08-13,14447,第4屆第8次定期會 業務質詢：民政部分,陳俞融,PREP_CONTEXT_NOT_POLICE_SPECIFIC,https://vod.tccc.gov.tw/wb_news02.asp?url=92&ano=14447&pageno=1,官方個別影音；片長 00:15。,2026-08-14T01:42:42+08:00
S-010,臺中市議會議員質詢影音,2026-08-13,official_meeting_date,2026-08-13,14448,第4屆第8次定期會 業務質詢：民政部分(林德宇、曾威等議員聯合質詢),林德宇,PREP_CONTEXT_NOT_POLICE_SPECIFIC,https://vod.tccc.gov.tw/wb_news02.asp?url=92&ano=14448&pageno=1,官方個別影音；片長 00:15。,2026-08-14T01:42:42+08:00
S-010,臺中市議會議員質詢影音,2026-08-13,official_meeting_date,2026-08-13,14449,第4屆第8次定期會 業務質詢：民政部分(林德宇、曾威等議員聯合質詢),曾威,PREP_CONTEXT_NOT_POLICE_SPECIFIC,https://vod.tccc.gov.tw/wb_news02.asp?url=92&ano=14449&pageno=1,官方個別影音；片長 00:15。,2026-08-14T01:42:42+08:00
S-010,臺中市議會議員質詢影音,2026-08-13,official_meeting_date,2026-08-13,14450,第4屆第8次定期會 業務質詢：民政部分(曾威、林德宇等議員聯合質詢),曾威,PREP_CONTEXT_NOT_POLICE_SPECIFIC,https://vod.tccc.gov.tw/wb_news02.asp?url=92&ano=14450&pageno=1,官方個別影音；片長 00:15。,2026-08-14T01:42:42+08:00
S-010,臺中市議會議員質詢影音,2026-08-13,official_meeting_date,2026-08-13,14451,第4屆第8次定期會 業務質詢：民政部分(曾威、林德宇等議員聯合質詢),林德宇,PREP_CONTEXT_NOT_POLICE_SPECIFIC,https://vod.tccc.gov.tw/wb_news02.asp?url=92&ano=14451&pageno=1,官方個別影音；片長 00:15。,2026-08-14T01:42:42+08:00
S-010,臺中市議會議員質詢影音,2026-08-13,official_meeting_date,2026-08-13,14452,第4屆第8次定期會 業務質詢：民政部分(陳政顯、吳瓊華、吳振嘉等議員聯合質詢),陳政顯,PREP_CONTEXT_NOT_POLICE_SPECIFIC,https://vod.tccc.gov.tw/wb_news02.asp?url=92&ano=14452&pageno=1,官方個別影音；片長 00:45。,2026-08-14T01:42:42+08:00
S-010,臺中市議會議員質詢影音,2026-08-13,official_meeting_date,2026-08-13,14453,第4屆第8次定期會 業務質詢：民政部分(陳政顯、吳瓊華、吳振嘉等議員聯合質詢),吳瓊華,PREP_CONTEXT_NOT_POLICE_SPECIFIC,https://vod.tccc.gov.tw/wb_news02.asp?url=92&ano=14453&pageno=1,官方個別影音；片長 00:45。,2026-08-14T01:42:42+08:00
S-010,臺中市議會議員質詢影音,2026-08-13,official_meeting_date,2026-08-13,14454,第4屆第8次定期會 業務質詢：民政部分(陳政顯、吳瓊華、吳振嘉等議員聯合質詢),吳振嘉,PREP_CONTEXT_NOT_POLICE_SPECIFIC,https://vod.tccc.gov.tw/wb_news02.asp?url=92&ano=14454&pageno=1,官方個別影音；片長 00:45。,2026-08-14T01:42:42+08:00
S-010,臺中市議會議員質詢影音,2026-08-13,official_meeting_date,2026-08-13,14455,第4屆第8次定期會 業務質詢：民政部分(陳雅惠、謝家宜、蕭隆澤等議員聯合質詢),陳雅惠,PREP_CONTEXT_NOT_POLICE_SPECIFIC,https://vod.tccc.gov.tw/wb_news02.asp?url=92&ano=14455&pageno=1,官方個別影音；片長 00:30。,2026-08-14T01:42:42+08:00
S-010,臺中市議會議員質詢影音,2026-08-13,official_meeting_date,2026-08-13,14456,第4屆第8次定期會 業務質詢：民政部分(陳雅惠、謝家宜、蕭隆澤等議員聯合質詢),謝家宜,PREP_CONTEXT_NOT_POLICE_SPECIFIC,https://vod.tccc.gov.tw/wb_news02.asp?url=92&ano=14456&pageno=1,官方個別影音；片長 00:30。,2026-08-14T01:42:42+08:00
S-010,臺中市議會議員質詢影音,2026-08-13,official_meeting_date,2026-08-13,14457,第4屆第8次定期會 業務質詢：民政部分(陳雅惠、謝家宜、蕭隆澤等議員聯合質詢),蕭隆澤,PREP_CONTEXT_NOT_POLICE_SPECIFIC,https://vod.tccc.gov.tw/wb_news02.asp?url=92&ano=14457&pageno=1,官方個別影音；片長 00:30。,2026-08-14T01:42:42+08:00
S-010,臺中市議會議員質詢影音,2026-08-13,official_meeting_date,2026-08-13,14458,第4屆第8次定期會 業務質詢：民政部分(吳呈賢、楊大鋐、吳建德等議員聯合質詢),吳呈賢,PREP_CONTEXT_NOT_POLICE_SPECIFIC,https://vod.tccc.gov.tw/wb_news02.asp?url=92&ano=14458&pageno=1,官方個別影音；片長 00:45。,2026-08-14T01:42:42+08:00
S-010,臺中市議會議員質詢影音,2026-08-13,official_meeting_date,2026-08-13,14459,第4屆第8次定期會 業務質詢：民政部分(吳呈賢、楊大鋐、吳建德等議員聯合質詢),楊大鋐,PREP_CONTEXT_NOT_POLICE_SPECIFIC,https://vod.tccc.gov.tw/wb_news02.asp?url=92&ano=14459&pageno=1,官方個別影音；片長 00:45。,2026-08-14T01:42:42+08:00
S-010,臺中市議會議員質詢影音,2026-08-13,official_meeting_date,2026-08-13,14460,第4屆第8次定期會 業務質詢：民政部分(吳呈賢、楊大鋐、吳建德等議員聯合質詢),吳建德,PREP_CONTEXT_NOT_POLICE_SPECIFIC,https://vod.tccc.gov.tw/wb_news02.asp?url=92&ano=14460&pageno=1,官方個別影音；片長 00:45。,2026-08-14T01:42:42+08:00
S-010,臺中市議會議員質詢影音,2026-08-13,official_meeting_date,2026-08-13,14461,第4屆第8次定期會 業務質詢：民政部分,陳成添,PREP_CONTEXT_NOT_POLICE_SPECIFIC,https://vod.tccc.gov.tw/wb_news02.asp?url=92&ano=14461&pageno=1,官方個別影音；片長 00:15。,2026-08-14T01:42:42+08:00
S-010,臺中市議會議員質詢影音,2026-08-13,official_meeting_date,2026-08-13,14462,第4屆第8次定期會 業務質詢：民政部分(林霈涵、林碧秀等議員聯合質詢),林霈涵,PREP_CONTEXT_NOT_POLICE_SPECIFIC,https://vod.tccc.gov.tw/wb_news02.asp?url=92&ano=14462&pageno=1,官方個別影音；片長 00:15。,2026-08-14T01:42:42+08:00
S-010,臺中市議會議員質詢影音,2026-08-13,official_meeting_date,2026-08-13,14463,第4屆第8次定期會 業務質詢：民政部分(林霈涵、林碧秀等議員聯合質詢),林碧秀,PREP_CONTEXT_NOT_POLICE_SPECIFIC,https://vod.tccc.gov.tw/wb_news02.asp?url=92&ano=14463&pageno=1,官方個別影音；片長 00:15。,2026-08-14T01:42:42+08:00
S-010,臺中市議會議員質詢影音,2026-08-13,official_meeting_date,2026-08-13,14464,第4屆第8次定期會 業務質詢：民政部分(蔡耀頡、周永鴻、江肇國等議員聯合質詢),蔡耀頡,PREP_CONTEXT_NOT_POLICE_SPECIFIC,https://vod.tccc.gov.tw/wb_news02.asp?url=92&ano=14464&pageno=1,官方個別影音；片長 00:45。,2026-08-14T01:42:42+08:00
S-010,臺中市議會議員質詢影音,2026-08-13,official_meeting_date,2026-08-13,14465,第4屆第8次定期會 業務質詢：民政部分(蔡耀頡、周永鴻、江肇國等議員聯合質詢),周永鴻,PREP_CONTEXT_NOT_POLICE_SPECIFIC,https://vod.tccc.gov.tw/wb_news02.asp?url=92&ano=14465&pageno=1,官方個別影音；片長 00:45。,2026-08-14T01:42:42+08:00
S-010,臺中市議會議員質詢影音,2026-08-13,official_meeting_date,2026-08-13,14466,第4屆第8次定期會 業務質詢：民政部分(蔡耀頡、周永鴻、江肇國等議員聯合質詢),江肇國,PREP_CONTEXT_NOT_POLICE_SPECIFIC,https://vod.tccc.gov.tw/wb_news02.asp?url=92&ano=14466&pageno=1,官方個別影音；片長 00:45。,2026-08-14T01:42:42+08:00
S-011,臺中市議會議事影音,2026-08-10,official_meeting_date,2026-08-10,580,第4屆第8次定期會 第8次會議,臺中市議會,PREP_CONTEXT,https://agenda-vod.tccc.gov.tw/v2_index.asp?url=92&ano=580,官方完整議事影音列表。,2026-08-14T01:42:42+08:00
S-013,立法院會議資訊與議事日程原始檔,2026-08-10,official_meeting_date,115/08/10 09:00-17:30,2026080443:2026-08-10,考察,財政委員會,NOT_POLICE_SPECIFIC,https://ppg.ly.gov.tw/ppg/sittings/2026080443/details?meetingDate=115/08/10,考察新北市新店區中央政府補助預算（含特別預算）執行情形,2026-08-14T01:42:42+08:00
S-013,立法院會議資訊與議事日程原始檔,2026-08-10,official_meeting_date,115/08/10 09:00-17:30,2026080444:2026-08-10,立法院第11屆第5會期交通委員會「網際網路媒合客運服務管理條例」立法公聽會,交通委員會,INDIRECT_TRAFFIC_POLICY,https://ppg.ly.gov.tw/ppg/sittings/2026080444/details?meetingDate=115/08/10,ID42 會議中繼資料。,2026-08-14T01:42:42+08:00
S-013,立法院會議資訊與議事日程原始檔,2026-08-10,official_meeting_date,115/08/10 09:00-17:30,2026080658:2026-08-10,立法院教育及文化委員會,教育及文化委員會,NOT_POLICE_SPECIFIC,https://ppg.ly.gov.tw/ppg/sittings/2026080658/details?meetingDate=115/08/10,考察雲林地區學校教育設施,2026-08-14T01:42:42+08:00
S-013,立法院會議資訊與議事日程原始檔,2026-08-10,official_meeting_date,115/08/10 07:30-18:00,2026080660:2026-08-10,考察國軍退除役官兵輔導委員會所屬臺中榮民總醫院嘉義分院醫療與長照醫養服務,外交及國防委員會,NOT_POLICE_SPECIFIC,https://ppg.ly.gov.tw/ppg/sittings/2026080660/details?meetingDate=115/08/10,ID42 會議中繼資料。,2026-08-14T01:42:42+08:00
S-013,立法院會議資訊與議事日程原始檔,2026-08-10,official_meeting_date,115/08/10 09:00-17:30,2026080764:2026-08-10,立法院第11屆第5會期經濟委員會第25次全體委員會議,經濟委員會,NOT_POLICE_SPECIFIC,https://ppg.ly.gov.tw/ppg/sittings/2026080764/details?meetingDate=115/08/10,邀請經濟部部長率台灣糖業股份有限公司董事長、法務部首長、衛生福利部首長及審計部首長就「台灣糖業股份有限公司經營治理及風險控管之檢討—中聯油脂事件、台糖售地案等重大債權追償暨審計部114年度決算審核意見改善情形」進行報告，並備質詢。,2026-08-14T01:42:42+08:00
S-013,立法院會議資訊與議事日程原始檔,2026-08-10,official_meeting_date,115/08/10 09:00-17:30,2026080766:2026-08-10,考察「國立原住民族博物館籌備進度及高雄地區原住民族文化」,內政委員會,NOT_POLICE_SPECIFIC,https://ppg.ly.gov.tw/ppg/sittings/2026080766/details?meetingDate=115/08/10,考察「國立原住民族博物館籌備進度及高雄地區原住民族文化」,2026-08-14T01:42:42+08:00
S-013,立法院會議資訊與議事日程原始檔,2026-08-10,official_meeting_date,115/08/10 08:30-17:30,2026081075:2026-08-10,社會福利及衛生環境委員會考察,社會福利及衛生環境委員會,NOT_POLICE_SPECIFIC,https://ppg.ly.gov.tw/ppg/sittings/2026081075/details?meetingDate=115/08/10,考察「宜蘭健康台灣社區發展模式之推動成果及未來方向」。,2026-08-14T01:42:42+08:00
S-013,立法院會議資訊與議事日程原始檔,2026-08-11,official_meeting_date,115/08/11 09:00-18:00,2026080662:2026-08-11,第11屆第5會期第2次全院委員會,全院委員會,NOT_POLICE_SPECIFIC,https://ppg.ly.gov.tw/ppg/sittings/2026080662/details?meetingDate=115/08/11,總統咨，為監察院第六屆監察委員任期於115年7月31日屆滿。茲依據憲法增修條文第7條第2項、監察院組織法第3條之1及監察院國家人權委員會組織法第3條規定，提名陳永興、王榮璋、高天惠Eleng Tjaljimaraw、張菊芳、張烽益、林惠芳、孫一信、李麗芬、陳景峻、彭紹瑾、廖婉汝、葉宜津、林麗瑩、侯廷昌、李光章、林文程、賴鼎銘、邱駿彥、徐光蓉、邱泰源、賴振昌、莊勝榮、吳梓生、王志誠、Iban Nokan、謝政達、林佳範、許有為、趙卿惠29位為監察院第七屆監察委員，並以陳永興為院長兼任監察院國家人權委員會主任委員、王榮璋為副院長；王榮璋、高天惠Eleng Tjaljimaraw、張菊芳、張烽益、林惠芳、孫一信、李麗芬7位適用監察院組織法第3條之1第1項第7款資格，咨請同意案（本案經本院第11屆第5會期第15次會議決定，有關總統提名廖婉汝、謝政達為第七屆監察委員部分，毋庸處理，其餘交全院委員會審查）。,2026-08-14T01:42:42+08:00
S-013,立法院會議資訊與議事日程原始檔,2026-08-11,official_meeting_date,115/08/11 14:00,2026081076:2026-08-11,立法院黨團協商,朝野黨團協商,POLICY_UPSTREAM_GENERIC,https://ppg.ly.gov.tw/ppg/sittings/2026081076/details?meetingDate=115/08/11,繼續研商「中華民國115年度中央政府總預算案」（公務預算部分）,2026-08-14T01:42:42+08:00
S-013,立法院會議資訊與議事日程原始檔,2026-08-11,official_meeting_date,115/08/11 14:00-17:00,no-meeting-no:2026-08-11:厚生會落實新冠基層攔截與常規防疫制度公聽會,厚生會落實新冠基層攔截與常規防疫制度公聽會,陳標本,NOT_POLICE_SPECIFIC,https://data.ly.gov.tw/getds.action?id=42,ID42 會議中繼資料。,2026-08-14T01:42:42+08:00
S-013,立法院會議資訊與議事日程原始檔,2026-08-11,official_meeting_date,115/08/11 09:00-12:00,no-meeting-no:2026-08-11:台灣無人機發展協會公聽會,台灣無人機發展協會公聽會,黃小姐,POTENTIAL_POLICE_TECH_METADATA_ONLY,https://data.ly.gov.tw/getds.action?id=42,ID42 會議中繼資料。,2026-08-14T01:42:42+08:00
S-013,立法院會議資訊與議事日程原始檔,2026-08-12,official_meeting_date,115/08/12 09:00-12:00,2026080547:2026-08-12,立法院第11屆第5會期財政委員會第4次公聽會,財政委員會,NOT_POLICE_SPECIFIC,https://ppg.ly.gov.tw/ppg/sittings/2026080547/details?meetingDate=115/08/12,召開「財政部所屬泛公股金融機構，面對當前激烈競爭環境，如何擬訂泛公股合併之短中程策略與實施計畫」公聽會,2026-08-14T01:42:42+08:00
S-013,立法院會議資訊與議事日程原始檔,2026-08-12,official_meeting_date,115/08/12 09:00-13:00,2026080659:2026-08-12,立法院第11屆第5會期社會福利及衛生環境委員會公聽會,社會福利及衛生環境委員會,NOT_POLICE_SPECIFIC,https://ppg.ly.gov.tw/ppg/sittings/2026080659/details?meetingDate=115/08/12,舉行「《氣候變遷因應法》碳費徵收、減量誘因及溫室氣體管理基金運用制度」公聽會,2026-08-14T01:42:42+08:00
S-013,立法院會議資訊與議事日程原始檔,2026-08-12,official_meeting_date,115/08/12 09:00-17:30,2026080763:2026-08-12,考察臺東地區交通建設,交通委員會,NOT_POLICE_SPECIFIC,https://ppg.ly.gov.tw/ppg/sittings/2026080763/details?meetingDate=115/08/12,考察臺東地區交通建設,2026-08-14T01:42:42+08:00
S-013,立法院會議資訊與議事日程原始檔,2026-08-12,official_meeting_date,115/08/12 09:00-17:30,2026080765:2026-08-12,考察南投及彰化地區農經建設概況,經濟委員會,NOT_POLICE_SPECIFIC,https://ppg.ly.gov.tw/ppg/sittings/2026080765/details?meetingDate=115/08/12,ID42 會議中繼資料。,2026-08-14T01:42:42+08:00
S-013,立法院會議資訊與議事日程原始檔,2026-08-12,official_meeting_date,115/08/12 09:00-17:30,2026080768:2026-08-12,立法院第11屆第5會期內政委員會第23次全體委員會議,內政委員會,NOT_POLICE_SPECIFIC,https://ppg.ly.gov.tw/ppg/sittings/2026080768/details?meetingDate=115/08/12,一、邀請內政部部長、國土管理署署長、財政部、金融監督管理委員會、中央銀行就「高房價環境下青年安心成家購屋優惠貸款3.0政策檢討：青年購屋門檻、首購資格認定、年齡限制、申貸年齡與核貸年限總合限制及政策上路對於落實居住正義、健全房市政策與配套措施」進行專題報告並備質詢。二、邀請內政部部長、國土管理署署長就「落實居住正義之困境與對策：十三萬戶社宅興辦檢討、都更社宅容獎制度失靈，暨行政院租賃市場修法三大方向(保障租期、限制漲幅、強化權益)之執行進度」進行專題報告並備質詢。,2026-08-14T01:42:42+08:00
S-013,立法院會議資訊與議事日程原始檔,2026-08-13,official_meeting_date,115/08/13 09:00-18:00,2026080662:2026-08-13,第11屆第5會期第2次全院委員會,全院委員會,NOT_POLICE_SPECIFIC,https://ppg.ly.gov.tw/ppg/sittings/2026080662/details?meetingDate=115/08/13,總統咨，為監察院第六屆監察委員任期於115年7月31日屆滿。茲依據憲法增修條文第7條第2項、監察院組織法第3條之1及監察院國家人權委員會組織法第3條規定，提名陳永興、王榮璋、高天惠Eleng Tjaljimaraw、張菊芳、張烽益、林惠芳、孫一信、李麗芬、陳景峻、彭紹瑾、廖婉汝、葉宜津、林麗瑩、侯廷昌、李光章、林文程、賴鼎銘、邱駿彥、徐光蓉、邱泰源、賴振昌、莊勝榮、吳梓生、王志誠、Iban Nokan、謝政達、林佳範、許有為、趙卿惠29位為監察院第七屆監察委員，並以陳永興為院長兼任監察院國家人權委員會主任委員、王榮璋為副院長；王榮璋、高天惠Eleng Tjaljimaraw、張菊芳、張烽益、林惠芳、孫一信、李麗芬7位適用監察院組織法第3條之1第1項第7款資格，咨請同意案（本案經本院第11屆第5會期第15次會議決定，有關總統提名廖婉汝、謝政達為第七屆監察委員部分，毋庸處理，其餘交全院委員會審查）。,2026-08-14T01:42:42+08:00
S-013,立法院會議資訊與議事日程原始檔,2026-08-13,official_meeting_date,115/08/13 11:00-12:00,2026080771:2026-08-13,立法院朝野黨團協商,朝野黨團協商(經濟委員會),NOT_POLICE_SPECIFIC,https://ppg.ly.gov.tw/ppg/sittings/2026080771/details?meetingDate=115/08/13,本院經濟、財政兩委員會報告併案審查委員邱志偉等17人、委員楊瓊瓔等25人分別擬具「產業創新條例第十條、第二十三條之一及第二十三條之二條文修正草案」、委員鍾佳濱等20人擬具「產業創新條例第三十九條、第四十六條及第四十六條之一條文修正草案」、委員賴瑞隆等21人、委員陳亭妃等19人、委員蔡易餘等17人分別擬具「產業創新條例部分條文修正草案」、委員邱鎮軍等17人、委員林倩綺等20人分別擬具「產業創新條例第十條之一及第七十二條條文修正草案」、委員王鴻薇等23人擬具「產業創新條例第十條之一條文修正草案」、委員廖偉翔等19人擬具「產業創新條例第十條之一及第二十三條之一條文修正草案」、委員丁學忠等16人擬具「產業創新條例第六十七條之一及第七十條條文修正草案」、委員邱志偉等18人擬具「產業創新條例第二條及第二十三條之三條文修正草案」、委員邱志偉等19人擬具「產業創新條例第十九條之一條文修正草案」及委員林思銘等18人擬具「產業創新條例第十條條文修正草案」案。,2026-08-14T01:42:42+08:00
S-015,立法院議事暨公報資訊網－會議與機關回覆,2026-08-10,parent_meeting_date,2026-08-10,2026080443:PPGB60500_2100_20988_1150811_0001.docx,06考察紀要0810,立法院,NOT_POLICE_SPECIFIC,https://ppg.ly.gov.tw/ppg/SittingAttachment/download/2026080443/PPGB60500_2100_20988_1150811_0001.docx,附件本身未提供獨立發布日；日期只代表所屬會議日期。,2026-08-14T01:42:42+08:00
S-015,立法院議事暨公報資訊網－會議與機關回覆,2026-08-10,parent_meeting_date,2026-08-10,2026080444:PPGB60500_2400_20838_1150807_0002.pdf,法務部1150810交通委員會公聽會書面報告,立法院,INDIRECT_TRAFFIC_POLICY,https://ppg.ly.gov.tw/ppg/SittingAttachment/download/2026080444/PPGB60500_2400_20838_1150807_0002.pdf,附件本身未提供獨立發布日；日期只代表所屬會議日期。,2026-08-14T01:42:42+08:00
S-015,立法院議事暨公報資訊網－會議與機關回覆,2026-08-10,parent_meeting_date,2026-08-10,2026080444:PPGB60500_2400_20991_1150807_0001.pdf,1150810交通部報告,立法院,INDIRECT_TRAFFIC_POLICY,https://ppg.ly.gov.tw/ppg/SittingAttachment/download/2026080444/PPGB60500_2400_20991_1150807_0001.pdf,附件本身未提供獨立發布日；日期只代表所屬會議日期。,2026-08-14T01:42:42+08:00
S-015,立法院議事暨公報資訊網－會議與機關回覆,2026-08-10,parent_meeting_date,2026-08-10,2026080444:PPGB60500_2400_20991_1150807_0003.pdf,1150810「網際網路媒合客運服務管理條例」公聽會-主計總處書面報告,立法院,INDIRECT_TRAFFIC_POLICY,https://ppg.ly.gov.tw/ppg/SittingAttachment/download/2026080444/PPGB60500_2400_20991_1150807_0003.pdf,附件本身未提供獨立發布日；日期只代表所屬會議日期。,2026-08-14T01:42:42+08:00
S-015,立法院議事暨公報資訊網－會議與機關回覆,2026-08-10,parent_meeting_date,2026-08-10,2026080444:PPGB60500_2400_21091_1150810_0004.pdf,數位發展部書面資料-「網際網路媒合客運服務管理條例草案」V6,立法院,INDIRECT_TRAFFIC_POLICY,https://ppg.ly.gov.tw/ppg/SittingAttachment/download/2026080444/PPGB60500_2400_21091_1150810_0004.pdf,附件本身未提供獨立發布日；日期只代表所屬會議日期。,2026-08-14T01:42:42+08:00
S-015,立法院議事暨公報資訊網－會議與機關回覆,2026-08-10,parent_meeting_date,2026-08-10,2026080658:PPGB60500_2300_20726_1150806_0001.pdf,考察函,立法院,NOT_POLICE_SPECIFIC,https://ppg.ly.gov.tw/ppg/SittingAttachment/download/2026080658/PPGB60500_2300_20726_1150806_0001.pdf,附件本身未提供獨立發布日；日期只代表所屬會議日期。,2026-08-14T01:42:42+08:00
S-015,立法院議事暨公報資訊網－會議與機關回覆,2026-08-10,parent_meeting_date,2026-08-10,2026080658:PPGB60500_2300_20726_1150806_0002.pdf,考察行程表,立法院,NOT_POLICE_SPECIFIC,https://ppg.ly.gov.tw/ppg/SittingAttachment/download/2026080658/PPGB60500_2300_20726_1150806_0002.pdf,附件本身未提供獨立發布日；日期只代表所屬會議日期。,2026-08-14T01:42:42+08:00
S-015,立法院議事暨公報資訊網－會議與機關回覆,2026-08-10,parent_meeting_date,2026-08-10,2026080658:PPGB60500_2300_20810_1150811_0003.docx,考察雲林地區學校教育設施 照片,立法院,NOT_POLICE_SPECIFIC,https://ppg.ly.gov.tw/ppg/SittingAttachment/download/2026080658/PPGB60500_2300_20810_1150811_0003.docx,附件本身未提供獨立發布日；日期只代表所屬會議日期。,2026-08-14T01:42:42+08:00
S-015,立法院議事暨公報資訊網－會議與機關回覆,2026-08-10,parent_meeting_date,2026-08-10,2026080658:PPGB60500_2300_20810_1150812_0004.pdf,雲林縣中正國小115年度中庭舖面改善計畫,立法院,NOT_POLICE_SPECIFIC,https://ppg.ly.gov.tw/ppg/SittingAttachment/download/2026080658/PPGB60500_2300_20810_1150812_0004.pdf,附件本身未提供獨立發布日；日期只代表所屬會議日期。,2026-08-14T01:42:42+08:00
S-015,立法院議事暨公報資訊網－會議與機關回覆,2026-08-10,parent_meeting_date,2026-08-10,2026080658:PPGB60500_2300_20810_1150812_0005.pdf,雲林縣中正國小115年度改善教學環境計畫 (2),立法院,NOT_POLICE_SPECIFIC,https://ppg.ly.gov.tw/ppg/SittingAttachment/download/2026080658/PPGB60500_2300_20810_1150812_0005.pdf,附件本身未提供獨立發布日；日期只代表所屬會議日期。,2026-08-14T01:42:42+08:00
S-015,立法院議事暨公報資訊網－會議與機關回覆,2026-08-10,parent_meeting_date,2026-08-10,2026080658:PPGB60500_2300_20810_1150812_0006.docx,115年雲林縣廣興國小充實設施設備計畫 (1),立法院,NOT_POLICE_SPECIFIC,https://ppg.ly.gov.tw/ppg/SittingAttachment/download/2026080658/PPGB60500_2300_20810_1150812_0006.docx,附件本身未提供獨立發布日；日期只代表所屬會議日期。,2026-08-14T01:42:42+08:00
S-015,立法院議事暨公報資訊網－會議與機關回覆,2026-08-10,parent_meeting_date,2026-08-10,2026080658:PPGB60500_2300_20810_1150812_0007.pdf,崙背陽明國小教師辦公室整修工程預算書 (2),立法院,NOT_POLICE_SPECIFIC,https://ppg.ly.gov.tw/ppg/SittingAttachment/download/2026080658/PPGB60500_2300_20810_1150812_0007.pdf,附件本身未提供獨立發布日；日期只代表所屬會議日期。,2026-08-14T01:42:42+08:00
S-015,立法院議事暨公報資訊網－會議與機關回覆,2026-08-10,parent_meeting_date,2026-08-10,2026080658:PPGB60500_2300_20810_1150812_0008.pptx,【簡報】11507 北辰國小簡報,立法院,NOT_POLICE_SPECIFIC,https://ppg.ly.gov.tw/ppg/SittingAttachment/download/2026080658/PPGB60500_2300_20810_1150812_0008.pptx,附件本身未提供獨立發布日；日期只代表所屬會議日期。,2026-08-14T01:42:42+08:00
S-015,立法院議事暨公報資訊網－會議與機關回覆,2026-08-10,parent_meeting_date,2026-08-10,2026080660:PPGB60500_4100_20863_1150811_0001.docx,1150810 考察國軍退除役官兵輔導委員會所屬臺中榮民總醫院嘉義分院醫療與長照醫養服務,立法院,NOT_POLICE_SPECIFIC,https://ppg.ly.gov.tw/ppg/SittingAttachment/download/2026080660/PPGB60500_4100_20863_1150811_0001.docx,附件本身未提供獨立發布日；日期只代表所屬會議日期。,2026-08-14T01:42:42+08:00
S-015,立法院議事暨公報資訊網－會議與機關回覆,2026-08-10,parent_meeting_date,2026-08-10,2026080764:15201000090080260002.pdf,1150810經濟-台灣糖業股份有限公司經營治理檢討書面報告(衛福部),立法院,NOT_POLICE_SPECIFIC,https://ppg.ly.gov.tw/ppg/SittingAttachment/download/2026080764/15201000090080260002.pdf,附件本身未提供獨立發布日；日期只代表所屬會議日期。,2026-08-14T01:42:42+08:00
S-015,立法院議事暨公報資訊網－會議與機關回覆,2026-08-10,parent_meeting_date,2026-08-10,2026080764:3121200500089066002.pdf,1150810經濟部專案報告,立法院,NOT_POLICE_SPECIFIC,https://ppg.ly.gov.tw/ppg/SittingAttachment/download/2026080764/3121200500089066002.pdf,附件本身未提供獨立發布日；日期只代表所屬會議日期。,2026-08-14T01:42:42+08:00
S-015,立法院議事暨公報資訊網－會議與機關回覆,2026-08-10,parent_meeting_date,2026-08-10,2026080764:PPGB60500_4200_21077_1150807_0001.pdf,1) 11-5-25開會通知單(一天一次會)-函,立法院,NOT_POLICE_SPECIFIC,https://ppg.ly.gov.tw/ppg/SittingAttachment/download/2026080764/PPGB60500_4200_21077_1150807_0001.pdf,附件本身未提供獨立發布日；日期只代表所屬會議日期。,2026-08-14T01:42:42+08:00
S-015,立法院議事暨公報資訊網－會議與機關回覆,2026-08-10,parent_meeting_date,2026-08-10,2026080764:PPGB60500_4200_21077_1150810_0003.pdf,審計部,立法院,NOT_POLICE_SPECIFIC,https://ppg.ly.gov.tw/ppg/SittingAttachment/download/2026080764/PPGB60500_4200_21077_1150810_0003.pdf,附件本身未提供獨立發布日；日期只代表所屬會議日期。,2026-08-14T01:42:42+08:00
S-015,立法院議事暨公報資訊網－會議與機關回覆,2026-08-10,parent_meeting_date,2026-08-10,2026080766:PPGB60500_4000_21070_1150811_0001.docx,1150810考察紀要,立法院,NOT_POLICE_SPECIFIC,https://ppg.ly.gov.tw/ppg/SittingAttachment/download/2026080766/PPGB60500_4000_21070_1150811_0001.docx,附件本身未提供獨立發布日；日期只代表所屬會議日期。,2026-08-14T01:42:42+08:00
S-015,立法院議事暨公報資訊網－會議與機關回覆,2026-08-10,parent_meeting_date,2026-08-10,2026081075:PPGB60500_4500_20927_1150811_0001.docx,1150810考察紀要,立法院,NOT_POLICE_SPECIFIC,https://ppg.ly.gov.tw/ppg/SittingAttachment/download/2026081075/PPGB60500_4500_20927_1150811_0001.docx,附件本身未提供獨立發布日；日期只代表所屬會議日期。,2026-08-14T01:42:42+08:00
S-015,立法院議事暨公報資訊網－會議與機關回覆,2026-08-11,parent_meeting_date,2026-08-11｜2026-08-13,2026080662:PPGB60500_0703_21041_1150806_0001.pdf,11-5-2全院開會通知單,立法院,NOT_POLICE_SPECIFIC,https://ppg.ly.gov.tw/ppg/SittingAttachment/download/2026080662/PPGB60500_0703_21041_1150806_0001.pdf,附件本身未提供獨立發布日；日期只代表所屬會議日期。,2026-08-14T01:42:42+08:00
S-015,立法院議事暨公報資訊網－會議與機關回覆,2026-08-12,parent_meeting_date,2026-08-12,2026080547:10812620519001001002.pdf,1150812財政部公聽會報告,立法院,NOT_POLICE_SPECIFIC,https://ppg.ly.gov.tw/ppg/SittingAttachment/download/2026080547/10812620519001001002.pdf,附件本身未提供獨立發布日；日期只代表所屬會議日期。,2026-08-14T01:42:42+08:00
S-015,立法院議事暨公報資訊網－會議與機關回覆,2026-08-12,parent_meeting_date,2026-08-12,2026080547:38802102110010603002.pdf,金管會公聽會報告,立法院,NOT_POLICE_SPECIFIC,https://ppg.ly.gov.tw/ppg/SittingAttachment/download/2026080547/38802102110010603002.pdf,附件本身未提供獨立發布日；日期只代表所屬會議日期。,2026-08-14T01:42:42+08:00
S-015,立法院議事暨公報資訊網－會議與機關回覆,2026-08-12,parent_meeting_date,2026-08-12,2026080547:60215082210021013003.pdf,1150812 公平會書面意見,立法院,NOT_POLICE_SPECIFIC,https://ppg.ly.gov.tw/ppg/SittingAttachment/download/2026080547/60215082210021013003.pdf,附件本身未提供獨立發布日；日期只代表所屬會議日期。,2026-08-14T01:42:42+08:00
S-015,立法院議事暨公報資訊網－會議與機關回覆,2026-08-12,parent_meeting_date,2026-08-12,2026080659:00106288421201070002.pdf,1150812《氣候變遷因應法》公聽會書面資料-文化部,立法院,NOT_POLICE_SPECIFIC,https://ppg.ly.gov.tw/ppg/SittingAttachment/download/2026080659/00106288421201070002.pdf,附件本身未提供獨立發布日；日期只代表所屬會議日期。,2026-08-14T01:42:42+08:00
S-015,立法院議事暨公報資訊網－會議與機關回覆,2026-08-12,parent_meeting_date,2026-08-12,2026080659:00182010801288260002.pdf,「《氣候變遷因應法》碳費徵收、減量誘因及溫室氣體管理基金運用制度」,立法院,NOT_POLICE_SPECIFIC,https://ppg.ly.gov.tw/ppg/SittingAttachment/download/2026080659/00182010801288260002.pdf,附件本身未提供獨立發布日；日期只代表所屬會議日期。,2026-08-14T01:42:42+08:00
S-015,立法院議事暨公報資訊網－會議與機關回覆,2026-08-12,parent_meeting_date,2026-08-12,2026080659:00561622110003880003.pdf,1150812立法院03,立法院,NOT_POLICE_SPECIFIC,https://ppg.ly.gov.tw/ppg/SittingAttachment/download/2026080659/00561622110003880003.pdf,附件本身未提供獨立發布日；日期只代表所屬會議日期。,2026-08-14T01:42:42+08:00
S-015,立法院議事暨公報資訊網－會議與機關回覆,2026-08-12,parent_meeting_date,2026-08-12,2026080659:01006600217020782002.pdf,1150812公聽會-溫管基金支應公正轉型(國發會報告),立法院,NOT_POLICE_SPECIFIC,https://ppg.ly.gov.tw/ppg/SittingAttachment/download/2026080659/01006600217020782002.pdf,附件本身未提供獨立發布日；日期只代表所屬會議日期。,2026-08-14T01:42:42+08:00
S-015,立法院議事暨公報資訊網－會議與機關回覆,2026-08-12,parent_meeting_date,2026-08-12,2026080659:01204801210006018002.pdf,1150812環境部書面報告,立法院,NOT_POLICE_SPECIFIC,https://ppg.ly.gov.tw/ppg/SittingAttachment/download/2026080659/01204801210006018002.pdf,附件本身未提供獨立發布日；日期只代表所屬會議日期。,2026-08-14T01:42:42+08:00
S-015,立法院議事暨公報資訊網－會議與機關回覆,2026-08-12,parent_meeting_date,2026-08-12,2026080659:08116220100655090003.pdf,農業部書面報告1150812立法院衛環委員會「氣候變遷公聽會」,立法院,NOT_POLICE_SPECIFIC,https://ppg.ly.gov.tw/ppg/SittingAttachment/download/2026080659/08116220100655090003.pdf,附件本身未提供獨立發布日；日期只代表所屬會議日期。,2026-08-14T01:42:42+08:00
S-015,立法院議事暨公報資訊網－會議與機關回覆,2026-08-12,parent_meeting_date,2026-08-12,2026080659:10188106080211260004.pdf,1150812「氣候變遷因應法」碳費徵收減量誘因公聽會-經濟部書面報告,立法院,NOT_POLICE_SPECIFIC,https://ppg.ly.gov.tw/ppg/SittingAttachment/download/2026080659/10188106080211260004.pdf,附件本身未提供獨立發布日；日期只代表所屬會議日期。,2026-08-14T01:42:42+08:00
S-015,立法院議事暨公報資訊網－會議與機關回覆,2026-08-12,parent_meeting_date,2026-08-12,2026080659:11120092000608674002.pdf,1150812衛環11-5公聽會書面報告(國科會),立法院,NOT_POLICE_SPECIFIC,https://ppg.ly.gov.tw/ppg/SittingAttachment/download/2026080659/11120092000608674002.pdf,附件本身未提供獨立發布日；日期只代表所屬會議日期。,2026-08-14T01:42:42+08:00
S-015,立法院議事暨公報資訊網－會議與機關回覆,2026-08-12,parent_meeting_date,2026-08-12,2026080659:128802160100610003.pdf,勞動部書面報告,立法院,NOT_POLICE_SPECIFIC,https://ppg.ly.gov.tw/ppg/SittingAttachment/download/2026080659/128802160100610003.pdf,附件本身未提供獨立發布日；日期只代表所屬會議日期。,2026-08-14T01:42:42+08:00
S-015,立法院議事暨公報資訊網－會議與機關回覆,2026-08-12,parent_meeting_date,2026-08-12,2026080659:21820220801065010004.pdf,1150812交通部報告,立法院,NOT_POLICE_SPECIFIC,https://ppg.ly.gov.tw/ppg/SittingAttachment/download/2026080659/21820220801065010004.pdf,附件本身未提供獨立發布日；日期只代表所屬會議日期。,2026-08-14T01:42:42+08:00
S-015,立法院議事暨公報資訊網－會議與機關回覆,2026-08-12,parent_meeting_date,2026-08-12,2026080659:65012091852000310002.pdf,1150812衛環-氣候變遷法相關推動公聽會_書面報告(衛福部),立法院,NOT_POLICE_SPECIFIC,https://ppg.ly.gov.tw/ppg/SittingAttachment/download/2026080659/65012091852000310002.pdf,附件本身未提供獨立發布日；日期只代表所屬會議日期。,2026-08-14T01:42:42+08:00
S-015,立法院議事暨公報資訊網－會議與機關回覆,2026-08-12,parent_meeting_date,2026-08-12,2026080659:PPGB60500_4500_20927_1150813_0013.docx,開通函-函-20260806113713,立法院,NOT_POLICE_SPECIFIC,https://ppg.ly.gov.tw/ppg/SittingAttachment/download/2026080659/PPGB60500_4500_20927_1150813_0013.docx,附件本身未提供獨立發布日；日期只代表所屬會議日期。,2026-08-14T01:42:42+08:00
S-015,立法院議事暨公報資訊網－會議與機關回覆,2026-08-12,parent_meeting_date,2026-08-12,2026080768:00000169662918002002.pdf,1150812中央銀行書面報告,立法院,NOT_POLICE_SPECIFIC,https://ppg.ly.gov.tw/ppg/SittingAttachment/download/2026080768/00000169662918002002.pdf,附件本身未提供獨立發布日；日期只代表所屬會議日期。,2026-08-14T01:42:42+08:00
S-015,立法院議事暨公報資訊網－會議與機關回覆,2026-08-12,parent_meeting_date,2026-08-12,2026080768:00065518012020981002.pdf,1150812財政部專題報告,立法院,NOT_POLICE_SPECIFIC,https://ppg.ly.gov.tw/ppg/SittingAttachment/download/2026080768/00065518012020981002.pdf,附件本身未提供獨立發布日；日期只代表所屬會議日期。,2026-08-14T01:42:42+08:00
S-015,立法院議事暨公報資訊網－會議與機關回覆,2026-08-12,parent_meeting_date,2026-08-12,2026080768:00121223812020609002.pdf,落實居住正義之困境與對策專案書面報告,立法院,NOT_POLICE_SPECIFIC,https://ppg.ly.gov.tw/ppg/SittingAttachment/download/2026080768/00121223812020609002.pdf,附件本身未提供獨立發布日；日期只代表所屬會議日期。,2026-08-14T01:42:42+08:00
S-015,立法院議事暨公報資訊網－會議與機關回覆,2026-08-12,parent_meeting_date,2026-08-12,2026080768:06210215180100704003.pdf,金管會書面報告,立法院,NOT_POLICE_SPECIFIC,https://ppg.ly.gov.tw/ppg/SittingAttachment/download/2026080768/06210215180100704003.pdf,附件本身未提供獨立發布日；日期只代表所屬會議日期。,2026-08-14T01:42:42+08:00
S-015,立法院議事暨公報資訊網－會議與機關回覆,2026-08-12,parent_meeting_date,2026-08-12,2026080768:07080006091922116002.pdf,地政司內政部行政院-1150812-內政-政策專題報告,立法院,NOT_POLICE_SPECIFIC,https://ppg.ly.gov.tw/ppg/SittingAttachment/download/2026080768/07080006091922116002.pdf,附件本身未提供獨立發布日；日期只代表所屬會議日期。,2026-08-14T01:42:42+08:00
S-016,行政院質詢案件查詢系統,2026-08-10,official_sent_date,115/08/10,11-5-21-20,就問題油品流入校園及校園食品安全管理相關問題,行政院公共工程委員會 、 教育部 、 農業部 、 衛生福利部,NONE,https://query.ey.gov.tw/legisWeb/webQuery.aspx?sys=620&funid=lglistnew&term=11&ses=5&srltype=1&leg=&unit_id=&senddatef=&senddatet=&seqf=20&seqt=20&keyword=&max=300&outmode=0,地方分類 LOCAL_MENTION；完整正文狀態 FULLTEXT。,2026-08-14T01:42:42+08:00
S-017,行政院公報資訊網開放資料,2026-08-10,official_gazette_publish_date,中華民國115年8月10日,167551,農業部花卉創新園區研究發展中心令：訂定「農業部花卉創新園區生活機能服務業駐區審核要點」，自即日生效,農業部花卉創新園區研究發展中心,NOT_POLICE_SPECIFIC,https://gazette.nat.gov.tw/EG_FileManager/eguploadpub/eg032146/ch07/type2/gov88/num23/Eg.htm,行政規則；農業環保篇；意見截止 無。,2026-08-14T01:42:42+08:00
S-017,行政院公報資訊網開放資料,2026-08-10,official_gazette_publish_date,中華民國115年8月10日,167563,內政部國土管理署令：訂定「彰濱產業園區崙尾土方暫置區收費標準」,內政部國土管理署,NOT_POLICE_SPECIFIC,https://gazette.nat.gov.tw/EG_FileManager/eguploadpub/eg032146/ch02/type1/gov10/num1/Eg.htm,法規；內政篇；意見截止 無。,2026-08-14T01:42:42+08:00
S-017,行政院公報資訊網開放資料,2026-08-10,official_gazette_publish_date,中華民國115年8月10日,167571,交通部觀光署馬祖國家風景區管理處公告：預告「交通部觀光署馬祖國家風景區管理處管有場域禁止事項」第2點修正草案,交通部觀光署馬祖國家風景區管理處,NOT_POLICE_SPECIFIC,https://gazette.nat.gov.tw/EG_FileManager/eguploadpub/eg032146/ch06/type3/gov50/num12/Eg.htm,公告及送達；交通建設篇；意見截止 中華民國115年10月12日。,2026-08-14T01:42:42+08:00
S-017,行政院公報資訊網開放資料,2026-08-10,official_gazette_publish_date,中華民國115年8月10日,167572,金融監督管理委員會令：核釋「金融控股公司及銀行業內部控制及稽核制度實施辦法」第16條第3項、第21條第4項及第24條第1項但書所稱主管機關對票券金融公司另有規定者之相關規定，自即日生效,金融監督管理委員會,NOT_POLICE_SPECIFIC,https://gazette.nat.gov.tw/EG_FileManager/eguploadpub/eg032146/ch04/type2/gov36/num9/Eg.htm,行政規則；財政經濟篇；意見截止 無。,2026-08-14T01:42:42+08:00
S-017,行政院公報資訊網開放資料,2026-08-10,official_gazette_publish_date,中華民國115年8月10日,167573,國軍退除役官兵輔導委員會令：修正「國軍退除役官兵輔導委員會備除役軍人眷屬證製發作業規定」，自即日生效,國軍退除役官兵輔導委員會,NOT_POLICE_SPECIFIC,https://gazette.nat.gov.tw/EG_FileManager/eguploadpub/eg032146/ch03/type2/gov24/num6/Eg.htm,行政規則；外交國防法務篇；意見截止 無。,2026-08-14T01:42:42+08:00
S-017,行政院公報資訊網開放資料,2026-08-10,official_gazette_publish_date,中華民國115年8月10日,167576,交通部令：修正「使用國營航空站助航設備及相關設施收費標準」第14條之1條文,交通部,NOT_POLICE_SPECIFIC,https://gazette.nat.gov.tw/EG_FileManager/eguploadpub/eg032146/ch06/type1/gov50/num11/Eg.htm,法規；交通建設篇；意見截止 無。,2026-08-14T01:42:42+08:00
S-017,行政院公報資訊網開放資料,2026-08-10,official_gazette_publish_date,中華民國115年8月10日,167578,教育部令：修正「師資培育之大學辦理師資職前教育注意事項」部分規定，自即日生效,教育部,NOT_POLICE_SPECIFIC,https://gazette.nat.gov.tw/EG_FileManager/eguploadpub/eg032146/ch05/type2/gov40/num10/Eg.htm,行政規則；教育科技文化篇；意見截止 無。,2026-08-14T01:42:42+08:00
S-017,行政院公報資訊網開放資料,2026-08-10,official_gazette_publish_date,中華民國115年8月10日,167580,僑務委員會公告：預告「僑務委員會所管特定非公務機關資通安全管理作業辦法」修正草案,僑務委員會,NOT_POLICE_SPECIFIC,https://gazette.nat.gov.tw/EG_FileManager/eguploadpub/eg032146/ch03/type3/gov23/num7/Eg.htm,公告及送達；外交國防法務篇；意見截止 中華民國115年10月12日。,2026-08-14T01:42:42+08:00
S-017,行政院公報資訊網開放資料,2026-08-10,official_gazette_publish_date,中華民國115年8月10日,167581,經濟部標準檢驗局令：核釋本局應施檢驗飲水供應機商品檢驗標準之相關規定,經濟部標準檢驗局,NOT_POLICE_SPECIFIC,https://gazette.nat.gov.tw/EG_FileManager/eguploadpub/eg032146/ch04/type2/gov31/num8/Eg.htm,行政規則；財政經濟篇；意見截止 無。,2026-08-14T01:42:42+08:00
S-017,行政院公報資訊網開放資料,2026-08-11,official_gazette_publish_date,中華民國115年8月11日,167587,核能安全委員會令：修正「核子反應器設施管制收費標準」第12條條文,核能安全委員會,NOT_POLICE_SPECIFIC,https://gazette.nat.gov.tw/EG_FileManager/eguploadpub/eg032147/ch07/type1/gov61/num28/Eg.htm,法規；農業環保篇；意見截止 無。,2026-08-14T01:42:42+08:00
S-017,行政院公報資訊網開放資料,2026-08-11,official_gazette_publish_date,中華民國115年8月11日,167588,核能安全委員會令：修正「核子反應器運轉人員執照管理辦法」第9條、第12條之1、第12條之2條文,核能安全委員會,NOT_POLICE_SPECIFIC,https://gazette.nat.gov.tw/EG_FileManager/eguploadpub/eg032147/ch07/type1/gov61/num29/Eg.htm,法規；農業環保篇；意見截止 無。,2026-08-14T01:42:42+08:00
S-017,行政院公報資訊網開放資料,2026-08-11,official_gazette_publish_date,中華民國115年8月11日,167594,客家委員會令：修正「客家委員會辦理客家幣發放作業要點」第1點、第4點、第5點規定，自即日生效,客家委員會,NOT_POLICE_SPECIFIC,https://gazette.nat.gov.tw/EG_FileManager/eguploadpub/eg032147/ch02/type2/gov14/num3/Eg.htm,行政規則；內政篇；意見截止 無。,2026-08-14T01:42:42+08:00
S-017,行政院公報資訊網開放資料,2026-08-11,official_gazette_publish_date,中華民國115年8月11日,167603,內政部令：修正「修繕住宅貸款利息及簡易修繕住宅費用補貼辦法」第5條、第6條、第11條條文,內政部,NOT_POLICE_SPECIFIC,https://gazette.nat.gov.tw/EG_FileManager/eguploadpub/eg032147/ch02/type1/gov10/num2/Eg.htm,法規；內政篇；意見截止 無。,2026-08-14T01:42:42+08:00
S-017,行政院公報資訊網開放資料,2026-08-11,official_gazette_publish_date,中華民國115年8月11日,167604,農業部令：訂定「一百十五年度至一百十八年度遠洋漁船運用通訊診察治療補助作業要點」，自即日生效,農業部,NOT_POLICE_SPECIFIC,https://gazette.nat.gov.tw/EG_FileManager/eguploadpub/eg032147/ch07/type2/gov88/num31/Eg.htm,行政規則；農業環保篇；意見截止 無。,2026-08-14T01:42:42+08:00
S-017,行政院公報資訊網開放資料,2026-08-11,official_gazette_publish_date,中華民國115年8月11日,167605,農業部令：訂定「一百十五年度至一百十八年度漁業團體與醫療機構建立遠洋漁船通訊診察治療合作機制獎勵作業要點」，自即日生效,農業部,NOT_POLICE_SPECIFIC,https://gazette.nat.gov.tw/EG_FileManager/eguploadpub/eg032147/ch07/type2/gov88/num30/Eg.htm,行政規則；農業環保篇；意見截止 無。,2026-08-14T01:42:42+08:00
S-017,行政院公報資訊網開放資料,2026-08-11,official_gazette_publish_date,中華民國115年8月11日,167606,內政部令：修正「自建自購住宅貸款利息及租金補貼辦法」部分條文,內政部,NOT_POLICE_SPECIFIC,https://gazette.nat.gov.tw/EG_FileManager/eguploadpub/eg032147/ch02/type1/gov10/num1/Eg.htm,法規；內政篇；意見截止 無。,2026-08-14T01:42:42+08:00
S-017,行政院公報資訊網開放資料,2026-08-11,official_gazette_publish_date,中華民國115年8月11日,167607,運動部令：修正「重點國際運動賽事擇定及協助作業辦法」部分條文,運動部,NOT_POLICE_SPECIFIC,https://gazette.nat.gov.tw/EG_FileManager/eguploadpub/eg032147/ch05/type1/gov89/num13/Eg.htm,法規；教育科技文化篇；意見截止 無。,2026-08-14T01:42:42+08:00
S-017,行政院公報資訊網開放資料,2026-08-11,official_gazette_publish_date,中華民國115年8月11日,167610,教育部公告：預告「高級中等以下學校及各該主管機關專業輔導人員設置辦法」修正草案,教育部,NOT_POLICE_SPECIFIC,https://gazette.nat.gov.tw/EG_FileManager/eguploadpub/eg032147/ch05/type3/gov40/num15/Eg.htm,公告及送達；教育科技文化篇；意見截止 中華民國115年9月10日。,2026-08-14T01:42:42+08:00
S-017,行政院公報資訊網開放資料,2026-08-11,official_gazette_publish_date,中華民國115年8月11日,167611,教育部公告：預告「涉性別事件之學校不適任人員通報資訊蒐集及查詢處理利用辦法」第3條、第9條修正草案,教育部,NOT_POLICE_SPECIFIC,https://gazette.nat.gov.tw/EG_FileManager/eguploadpub/eg032147/ch05/type3/gov40/num14/Eg.htm,公告及送達；教育科技文化篇；意見截止 中華民國115年10月12日。,2026-08-14T01:42:42+08:00
S-017,行政院公報資訊網開放資料,2026-08-11,official_gazette_publish_date,中華民國115年8月11日,167612,文化部令：修正「廣播電視出版及電影業務行政規費收費標準」第5條條文,文化部,NOT_POLICE_SPECIFIC,https://gazette.nat.gov.tw/EG_FileManager/eguploadpub/eg032147/ch05/type1/gov46/num12/Eg.htm,法規；教育科技文化篇；意見截止 無。,2026-08-14T01:42:42+08:00
S-017,行政院公報資訊網開放資料,2026-08-11,official_gazette_publish_date,中華民國115年8月11日,167613,經濟部、內政部令：修正「工業及礦業團體分業標準」增訂「雷射加工工業」團體業別及業務範圍,經濟部;內政部,NOT_POLICE_SPECIFIC,https://gazette.nat.gov.tw/EG_FileManager/eguploadpub/eg032147/ch04/type1/gov31/num8/Eg.htm,法規；財政經濟篇；意見截止 無。,2026-08-14T01:42:42+08:00
S-017,行政院公報資訊網開放資料,2026-08-11,official_gazette_publish_date,中華民國115年8月11日,167614,國立臺灣文學館公告：預告「國立臺灣文學館場地使用收費標準」修正草案,國立臺灣文學館,NOT_POLICE_SPECIFIC,https://gazette.nat.gov.tw/EG_FileManager/eguploadpub/eg032147/ch05/type3/gov46/num16/Eg.htm,公告及送達；教育科技文化篇；意見截止 中華民國115年10月12日。,2026-08-14T01:42:42+08:00
S-017,行政院公報資訊網開放資料,2026-08-11,official_gazette_publish_date,中華民國115年8月11日,167617,勞動部公告：預告「技術士技能檢定規費收費標準」第5條、第9條及第6條附表修正草案,勞動部,NOT_POLICE_SPECIFIC,https://gazette.nat.gov.tw/EG_FileManager/eguploadpub/eg032147/ch08/type3/gov82/num35/Eg.htm,公告及送達；衛生勞動篇；意見截止 中華民國115年10月12日。,2026-08-14T01:42:42+08:00
S-017,行政院公報資訊網開放資料,2026-08-11,official_gazette_publish_date,中華民國115年8月11日,167618,經濟部、內政部令：修正「商業團體分業標準」增訂「勞工作業環境監測商業」團體業別及業務範圍,經濟部;內政部,NOT_POLICE_SPECIFIC,https://gazette.nat.gov.tw/EG_FileManager/eguploadpub/eg032147/ch04/type1/gov31/num7/Eg.htm,法規；財政經濟篇；意見截止 無。,2026-08-14T01:42:42+08:00
S-017,行政院公報資訊網開放資料,2026-08-11,official_gazette_publish_date,中華民國115年8月11日,167619,交通部令：修正「汽車運輸業管理規則」第91條之1條文、「汽車運輸業審核細則」第6條條文,交通部,NOT_POLICE_SPECIFIC,https://gazette.nat.gov.tw/EG_FileManager/eguploadpub/eg032147/ch06/type1/gov50/num18/Eg.htm,法規；交通建設篇；意見截止 無。,2026-08-14T01:42:42+08:00
S-017,行政院公報資訊網開放資料,2026-08-12,official_gazette_publish_date,中華民國115年8月12日,167620,衛生福利部公告：訂定「以果糖基轉移酶製得之食品原料菊糖之使用限制及標示規定」，自即日生效,衛生福利部,NOT_POLICE_SPECIFIC,https://gazette.nat.gov.tw/EG_FileManager/eguploadpub/eg032148/ch08/type1/gov70/num26/Eg.htm,法規；衛生勞動篇；意見截止 無。,2026-08-14T01:42:42+08:00
S-017,行政院公報資訊網開放資料,2026-08-12,official_gazette_publish_date,中華民國115年8月12日,167622,衛生福利部公告：預告「禽畜產品中殘留農藥檢驗方法－多重殘留分析方法」修正草案,衛生福利部,NOT_POLICE_SPECIFIC,https://gazette.nat.gov.tw/EG_FileManager/eguploadpub/eg032148/ch08/type3/gov70/num28/Eg.htm,公告及送達；衛生勞動篇；意見截止 中華民國115年10月12日。,2026-08-14T01:42:42+08:00
S-017,行政院公報資訊網開放資料,2026-08-12,official_gazette_publish_date,中華民國115年8月12日,167623,衛生福利部公告：預告廢止「食品中殘留農藥檢驗方法－禽畜產品中有機磷劑之檢驗」,衛生福利部,NOT_POLICE_SPECIFIC,https://gazette.nat.gov.tw/EG_FileManager/eguploadpub/eg032148/ch08/type3/gov70/num27/Eg.htm,公告及送達；衛生勞動篇；意見截止 中華民國115年10月12日。,2026-08-14T01:42:42+08:00
S-017,行政院公報資訊網開放資料,2026-08-12,official_gazette_publish_date,中華民國115年8月12日,167624,衛生福利部公告：預告「水產品中揮發性鹽基態氮之檢驗方法」修正草案,衛生福利部,NOT_POLICE_SPECIFIC,https://gazette.nat.gov.tw/EG_FileManager/eguploadpub/eg032148/ch08/type3/gov70/num29/Eg.htm,公告及送達；衛生勞動篇；意見截止 中華民國115年10月12日。,2026-08-14T01:42:42+08:00
S-017,行政院公報資訊網開放資料,2026-08-12,official_gazette_publish_date,中華民國115年8月12日,167627,運動部公告：預告「國民體育法施行細則」第3條、第10條修正草案,運動部,NOT_POLICE_SPECIFIC,https://gazette.nat.gov.tw/EG_FileManager/eguploadpub/eg032148/ch05/type3/gov89/num13/Eg.htm,公告及送達；教育科技文化篇；意見截止 中華民國115年10月12日。,2026-08-14T01:42:42+08:00
S-017,行政院公報資訊網開放資料,2026-08-12,official_gazette_publish_date,中華民國115年8月12日,167631,經濟部標準檢驗局公告：預告「應施檢驗儲能裝置類之放置型鋰儲能裝置等商品之相關檢驗規定」修正草案,經濟部標準檢驗局,NOT_POLICE_SPECIFIC,https://gazette.nat.gov.tw/EG_FileManager/eguploadpub/eg032148/ch04/type3/gov31/num8/Eg.htm,公告及送達；財政經濟篇；意見截止 中華民國115年10月12日。,2026-08-14T01:42:42+08:00
S-017,行政院公報資訊網開放資料,2026-08-12,official_gazette_publish_date,中華民國115年8月12日,167632,經濟部令：修正「經濟部國家產業創新獎實施要點」第5點規定，自即日生效,經濟部,NOT_POLICE_SPECIFIC,https://gazette.nat.gov.tw/EG_FileManager/eguploadpub/eg032148/ch04/type2/gov31/num6/Eg.htm,行政規則；財政經濟篇；意見截止 無。,2026-08-14T01:42:42+08:00
S-017,行政院公報資訊網開放資料,2026-08-12,official_gazette_publish_date,中華民國115年8月12日,167633,內政部公告：預告「內政部育有未成年子女家庭承租社會住宅辦法」草案,內政部,NOT_POLICE_SPECIFIC,https://gazette.nat.gov.tw/EG_FileManager/eguploadpub/eg032148/ch02/type3/gov10/num3/Eg.htm,公告及送達；內政篇；意見截止 中華民國115年8月19日。,2026-08-14T01:42:42+08:00
S-017,行政院公報資訊網開放資料,2026-08-12,official_gazette_publish_date,中華民國115年8月12日,167634,內政部令：修正「都市計畫法臺灣省施行細則」第34條之4、第34條之5、第35條條文,內政部,NOT_POLICE_SPECIFIC,https://gazette.nat.gov.tw/EG_FileManager/eguploadpub/eg032148/ch02/type1/gov10/num1/Eg.htm,法規；內政篇；意見截止 無。,2026-08-14T01:42:42+08:00
S-017,行政院公報資訊網開放資料,2026-08-12,official_gazette_publish_date,中華民國115年8月12日,167635,教育部令：修正「教育部補助大專校院招收及輔導身心障礙學生實施要點」第8點規定及第4點附表1，自即日生效,教育部,NOT_POLICE_SPECIFIC,https://gazette.nat.gov.tw/EG_FileManager/eguploadpub/eg032148/ch05/type2/gov40/num11/Eg.htm,行政規則；教育科技文化篇；意見截止 無。,2026-08-14T01:42:42+08:00
S-017,行政院公報資訊網開放資料,2026-08-12,official_gazette_publish_date,中華民國115年8月12日,167636,交通部觀光署大鵬灣國家風景區管理處令：修正「大鵬灣國家風景區潛水活動注意事項」第5點規定，自即日生效,交通部觀光署大鵬灣國家風景區管理處,NOT_POLICE_SPECIFIC,https://gazette.nat.gov.tw/EG_FileManager/eguploadpub/eg032148/ch06/type2/gov50/num14/Eg.htm,行政規則；交通建設篇；意見截止 無。,2026-08-14T01:42:42+08:00
S-017,行政院公報資訊網開放資料,2026-08-12,official_gazette_publish_date,中華民國115年8月12日,167637,農業部令：修正「硬秈及糯種公糧撥售作業要點」第1點、第7點規定及第4點附件1、附件2，自即日生效,農業部,NOT_POLICE_SPECIFIC,https://gazette.nat.gov.tw/EG_FileManager/eguploadpub/eg032148/ch07/type2/gov88/num22/Eg.htm,行政規則；農業環保篇；意見截止 無。,2026-08-14T01:42:42+08:00
S-017,行政院公報資訊網開放資料,2026-08-12,official_gazette_publish_date,中華民國115年8月12日,167638,教育部公告：預告「高級中等學校向學生收取費用辦法」第2條修正草案,教育部,NOT_POLICE_SPECIFIC,https://gazette.nat.gov.tw/EG_FileManager/eguploadpub/eg032148/ch05/type3/gov40/num12/Eg.htm,公告及送達；教育科技文化篇；意見截止 中華民國115年10月12日。,2026-08-14T01:42:42+08:00
S-017,行政院公報資訊網開放資料,2026-08-12,official_gazette_publish_date,中華民國115年8月12日,167639,交通部公告：預告「導遊人員管理規則」部分條文、「領隊人員管理規則」部分條文修正草案,交通部,NOT_POLICE_SPECIFIC,https://gazette.nat.gov.tw/EG_FileManager/eguploadpub/eg032148/ch06/type3/gov50/num15/Eg.htm,公告及送達；交通建設篇；意見截止 中華民國115年8月26日。,2026-08-14T01:42:42+08:00
S-017,行政院公報資訊網開放資料,2026-08-12,official_gazette_publish_date,中華民國115年8月12日,167640,農業部函：更正第032卷第117期本部115年6月29日農輔字第1150022928號令「農業天然災害救助辦法」第6條附表2農業天然災害現金救助項目及額度貳、漁業修正規定及修正規定對照表如勘誤表,農業部,NOT_POLICE_SPECIFIC,https://gazette.nat.gov.tw/EG_FileManager/eguploadpub/eg032148/ch07/type7/gov88/num25/Eg.htm,其他；農業環保篇；意見截止 無。,2026-08-14T01:42:42+08:00
S-017,行政院公報資訊網開放資料,2026-08-12,official_gazette_publish_date,中華民國115年8月12日,167641,農業部令：修正「農業保險保險費補助辦法」第4條、第5條條文及第3條附表,農業部,NOT_POLICE_SPECIFIC,https://gazette.nat.gov.tw/EG_FileManager/eguploadpub/eg032148/ch07/type1/gov88/num21/Eg.htm,法規；農業環保篇；意見截止 無。,2026-08-14T01:42:42+08:00
S-017,行政院公報資訊網開放資料,2026-08-12,official_gazette_publish_date,中華民國115年8月12日,167642,國軍退除役官兵輔導委員會令：修正「國軍退除役官兵全部供給制安置就養作業規定」第10點規定，自即日生效,國軍退除役官兵輔導委員會,NOT_POLICE_SPECIFIC,https://gazette.nat.gov.tw/EG_FileManager/eguploadpub/eg032148/ch03/type2/gov24/num5/Eg.htm,行政規則；外交國防法務篇；意見截止 無。,2026-08-14T01:42:42+08:00
S-017,行政院公報資訊網開放資料,2026-08-12,official_gazette_publish_date,中華民國115年8月12日,167643,經濟部標準檢驗局令：訂定「安撫奶嘴夾商品檢驗作業規定」，自即日生效,經濟部標準檢驗局,NOT_POLICE_SPECIFIC,https://gazette.nat.gov.tw/EG_FileManager/eguploadpub/eg032148/ch04/type2/gov31/num7/Eg.htm,行政規則；財政經濟篇；意見截止 無。,2026-08-14T01:42:42+08:00
S-017,行政院公報資訊網開放資料,2026-08-12,official_gazette_publish_date,中華民國115年8月12日,167647,原住民族委員會公告：公告行政院核定西拉雅族為平埔原住民族群，自行政院核定日起生效，並自115年8月13日起受理西拉雅族民族成員名冊登載,原住民族委員會,NOT_POLICE_SPECIFIC,https://gazette.nat.gov.tw/EG_FileManager/eguploadpub/eg032148/ch02/type1/gov13/num2/Eg.htm,法規；內政篇；意見截止 無。,2026-08-14T01:42:42+08:00
S-017,行政院公報資訊網開放資料,2026-08-12,official_gazette_publish_date,中華民國115年8月12日,167648,農業部令：修正「漁船赴北太平洋從事秋刀魚漁撈作業管理辦法」部分條文,農業部,NOT_POLICE_SPECIFIC,https://gazette.nat.gov.tw/EG_FileManager/eguploadpub/eg032148/ch07/type1/gov88/num20/Eg.htm,法規；農業環保篇；意見截止 無。,2026-08-14T01:42:42+08:00
S-017,行政院公報資訊網開放資料,2026-08-13,official_gazette_publish_date,中華民國115年8月13日,167654,金融監督管理委員會公告：預告「提供虛擬資產服務之事業或人員防制洗錢及打擊資恐辦法」第7條、第14條、第18條修正草案,金融監督管理委員會,INDIRECT_FINANCIAL_CRIME,https://gazette.nat.gov.tw/EG_FileManager/eguploadpub/eg032149/ch04/type3/gov36/num6/Eg.htm,公告及送達；財政經濟篇；意見截止 中華民國115年9月14日。,2026-08-14T01:42:42+08:00
S-017,行政院公報資訊網開放資料,2026-08-13,official_gazette_publish_date,中華民國115年8月13日,167659,運動部令：修正「全國大專校院運動會舉辦準則」,運動部,NOT_POLICE_SPECIFIC,https://gazette.nat.gov.tw/EG_FileManager/eguploadpub/eg032149/ch05/type1/gov89/num10/Eg.htm,法規；教育科技文化篇；意見截止 無。,2026-08-14T01:42:42+08:00
S-017,行政院公報資訊網開放資料,2026-08-13,official_gazette_publish_date,中華民國115年8月13日,167660,內政部公告：預告「應實施認可之消防機具器材及設備」修正草案,內政部,NOT_POLICE_SPECIFIC,https://gazette.nat.gov.tw/EG_FileManager/eguploadpub/eg032149/ch02/type3/gov10/num4/Eg.htm,公告及送達；內政篇；意見截止 中華民國115年10月12日。,2026-08-14T01:42:42+08:00
S-017,行政院公報資訊網開放資料,2026-08-13,official_gazette_publish_date,中華民國115年8月13日,167662,行政院人事行政總處公告：預告「各機關加班費支給辦法」第4條、第11條修正草案,行政院人事行政總處,NOT_POLICE_SPECIFIC,https://gazette.nat.gov.tw/EG_FileManager/eguploadpub/eg032149/ch01/type3/gov03/num1/Eg.htm,公告及送達；綜合行政篇；意見截止 中華民國115年8月20日。,2026-08-14T01:42:42+08:00
S-017,行政院公報資訊網開放資料,2026-08-13,official_gazette_publish_date,中華民國115年8月13日,167665,海洋委員會令：修正「海洋委員會海巡署編制表」，自115年6月19日生效,海洋委員會,NOT_POLICE_SPECIFIC,https://gazette.nat.gov.tw/EG_FileManager/eguploadpub/eg032149/ch02/type1/gov85/num3/Eg.htm,法規；內政篇；意見截止 無。,2026-08-14T01:42:42+08:00
S-019,臺中市政府市政會議紀錄與專案報告,2026-08-10,official_page_publish_date,2026-08-10,3342464,第726次市政會議(7月28日)：農業局「從友善耕作到地產地消，打造臺中食育力」,臺中市政府研究發展考核委員會,NOT_POLICE_SPECIFIC,https://www.rdec.taichung.gov.tw/3342464/post,市政會議紀錄,2026-08-14T01:42:42+08:00
S-019,臺中市政府市政會議紀錄與專案報告,2026-08-10,official_page_publish_date,2026-08-10,3343395,第728次市政會議專案報告（115年8月11日） 建設局-打造國際級偉大建築推動在地城市美學,臺中市政府研究發展考核委員會,NOT_POLICE_SPECIFIC,https://www.rdec.taichung.gov.tw/3343395/post,市政會議專案報告,2026-08-14T01:42:42+08:00
S-019,臺中市政府市政會議紀錄與專案報告,2026-08-12,official_page_publish_date,2026-08-12,3345436,第727次市政會議紀錄(8月4日)：警察局「國際級刑事鑑識與AI前沿數位應用-精準溯源打擊犯罪，科技偵防守護臺中安全,臺中市政府研究發展考核委員會,DIRECT_POLICE,https://www.rdec.taichung.gov.tw/3345436/post,市政會議紀錄,2026-08-14T01:42:42+08:00
