stable_id,source_id,source_name,title,official_url,published_at,freshness_status,change_type,committee
FEED-S-004-83885734c6aa2963,S-004,臺中市議會議事日程,第四屆 第8次定期會 議事日程表(115.07.27修正),https://www.tccc.gov.tw/pic/DocCouncil/17851655792861(1).doc,2026-07-27T00:00:00+08:00,FRESH,CONFIRMED,
FEED-S-006-15fc371de733ced5,S-006,臺中市議會質詢順序表,第四屆 第8次定期會 教育文化委員會業務質詢順序表,https://www.tccc.gov.tw/pic/DocCouncil/17851628782860(1).doc,,FRESH,CONFIRMED,
FEED-S-006-c4e5b5777e317666,S-006,臺中市議會質詢順序表,第四屆 第8次定期會 都發建設水利委員會業務質詢順序表,https://www.tccc.gov.tw/pic/DocCouncil/17876726492859(1).doc,,FRESH,CONFIRMED,
FEED-S-006-2bd572031014ac40,S-006,臺中市議會質詢順序表,第四屆 第8次定期會 警消環衛委員會業務質詢順序表,https://www.tccc.gov.tw/pic/DocCouncil/17851627092858(1).doc,,FRESH,CONFIRMED,
FEED-S-006-4a742226e40aabe0,S-006,臺中市議會質詢順序表,第四屆 第8次定期會 交通地政委員會業務質詢表,https://www.tccc.gov.tw/pic/DocCouncil/17851626392857(1).doc,,FRESH,CONFIRMED,
FEED-S-006-ae1718ff6dee3ac1,S-006,臺中市議會質詢順序表,第四屆 第8次定期會 財政經濟委員會業務質詢順序表,https://www.tccc.gov.tw/pic/DocCouncil/17851625432855(1).doc,,FRESH,CONFIRMED,
FEED-S-006-276408aac5afb767,S-006,臺中市議會質詢順序表,第四屆 第8次定期會 民政委員會業務質詢順序表,https://www.tccc.gov.tw/pic/DocCouncil/17851624952854(1).docx,,FRESH,CONFIRMED,
FEED-S-006-5ff390fd3563fcb9,S-006,臺中市議會質詢順序表,第四屆 第8次定期會 市政總質詢順序表,https://www.tccc.gov.tw/pic/DocCouncil/17875856282853(1).doc,,FRESH,CONFIRMED,
FEED-S-009-648d220802ea2269,S-009,臺中市議會議事資訊系統－各項提案,建請重新整建臺中市政府「警察局」霧峰分局案。,https://yishi.tccc.gov.tw/proposals/7bbd2bb0-20da-48e8-9a01-08dee6e33192,,FRESH,CONFIRMED,
FEED-S-009-27e07b3da0a50cd0,S-009,臺中市議會議事資訊系統－各項提案,建請臺中市政府「警察局」強化毒駕防制作為，加強宣導與預防機制，維,https://yishi.tccc.gov.tw/proposals/584c5a02-de46-4baa-a33a-08dee170c2a2,,FRESH,CONFIRMED,
FEED-S-009-71ab6e496063824a,S-009,臺中市議會議事資訊系統－各項提案,系統建請全面改設後端建置系統，集中設置於「警察局」各分局、或專責機房，以利後續擴,https://yishi.tccc.gov.tw/proposals/215f0dcc-0bea-48c7-5978-08def11e5708,,FRESH,CONFIRMED,
FEED-S-009-bdda93036c7de727,S-009,臺中市議會議事資訊系統－各項提案,建請「警察局」、消防局增加基層同仁健檢補助，將編制內未,https://yishi.tccc.gov.tw/proposals/5812f4c9-7c27-4343-21d3-08dea68abbf3,,FRESH,CONFIRMED,
FEED-S-009-89da833f52d936a0,S-009,臺中市議會議事資訊系統－各項提案,建請臺中市「警察局」針對六寶派出所，確定增加基層警力員額時間,https://yishi.tccc.gov.tw/proposals/a7086c02-a10d-47af-fbfc-08de8871c31e,,FRESH,CONFIRMED,
FEED-S-009-a8974e22904c2f17,S-009,臺中市議會議事資訊系統－各項提案,內政部補助本府「警察局」辦理「大甲分局辦公廳舍公有建築物補強重建,https://yishi.tccc.gov.tw/proposals/50733845-398e-483a-f248-08de09faa5f7,,FRESH,CONFIRMED,
FEED-S-009-59cf0979b9de6549,S-009,臺中市議會議事資訊系統－各項提案,執勤辛勞並維護其健康安全，建請臺中市政府「警察局」應積極研議引進「空調服」等新型,https://yishi.tccc.gov.tw/proposals/34cd50aa-5884-4ae2-f5fe-08de225e92ca,,FRESH,CONFIRMED,
FEED-S-009-1165040930ce690c,S-009,臺中市議會議事資訊系統－各項提案,形成治安及環境管理死角。爰建請臺中市政府「警察局」全面盤點單元五自辦重劃區尚未建,https://yishi.tccc.gov.tw/proposals/7023af16-4688-456a-f8ca-08de1cc538b1,,FRESH,CONFIRMED,
FEED-S-009-c62962bb67af717f,S-009,臺中市議會議事資訊系統－各項提案,深夜飆車族出沒，建請「警察局」和環保局加強噪音管制、取締案。,https://yishi.tccc.gov.tw/proposals/9edb08be-b194-4787-2267-08de1c0f6913,,FRESH,CONFIRMED,
FEED-S-009-c74839a8b026df4b,S-009,臺中市議會議事資訊系統－各項提案,內政部補助本府「警察局」豐原分局辦理「114年度臺中市政府「警察局」,https://yishi.tccc.gov.tw/proposals/ebc42014-9af1-422e-1c48-08dde9bbf3b2,,FRESH,CONFIRMED,
FEED-S-009-1b92715981f16568,S-009,臺中市議會議事資訊系統－各項提案,動興建大肚區聯合行政園區，整合臺中市政府「警察局」烏日分局大肚分駐所、大肚區戶政,https://yishi.tccc.gov.tw/proposals/30585d1f-d7b6-4af7-76c4-08ddf4be043f,,FRESH,CONFIRMED,
FEED-S-009-74613c42197769ac,S-009,臺中市議會議事資訊系統－各項提案,請臺中市政府「警察局」全面盤點轄內派出所電器設備使用情況，針對,https://yishi.tccc.gov.tw/proposals/90735fd1-aec9-4de9-d422-08ddf1b6b0e7,,FRESH,CONFIRMED,
FEED-S-009-da17914e1b5b3ce6,S-009,臺中市議會議事資訊系統－各項提案,請臺中市政府「警察局」儘速盤點轄內屋齡30年以上之派出所，確認,https://yishi.tccc.gov.tw/proposals/1b8f5879-c0f8-4791-d421-08ddf1b6b0e7,,FRESH,CONFIRMED,
FEED-S-009-19574d8e8526b857,S-009,臺中市議會議事資訊系統－各項提案,建請臺中市「警察局」通盤檢討接獲跟蹤騷擾案件報案SOP改善案,https://yishi.tccc.gov.tw/proposals/ef83bc74-c992-45f4-7925-08ddea824e82,,FRESH,CONFIRMED,
FEED-S-009-3e54803a63f09441,S-009,臺中市議會議事資訊系統－各項提案,制」，由數位發展局統籌辦理，協調教育局與「警察局」共同應對網路環境中潛藏的兒少犯,https://yishi.tccc.gov.tw/proposals/f40130f6-4413-4480-95ad-1a7a43b06868,,FRESH,CONFIRMED,
FEED-S-009-a4befd5f26064411,S-009,臺中市議會議事資訊系統－各項提案,建請市政府編列預算，調增「警察局」第六分局工業區派出所人員勤務編制員額案。,https://yishi.tccc.gov.tw/proposals/0f9eb253-c7e8-4a08-beb9-6dcfca651e71,,FRESH,CONFIRMED,
FEED-S-009-b6ba9a8e1ef830b0,S-009,臺中市議會議事資訊系統－各項提案,建議市政府編列「警察局」婦幼志工文康福利預算案。,https://yishi.tccc.gov.tw/proposals/35c1f073-0f4d-4793-93ab-6251a03fe268,,FRESH,CONFIRMED,
FEED-S-009-d055f92dcd0281c0,S-009,臺中市議會議事資訊系統－各項提案,內政部114年度全額補助本局辦理「114年度毒品防制基金業務計畫-毒品熱區翻轉執,https://yishi.tccc.gov.tw/proposals/a20e7920-6b73-40f8-a822-eb0b5b5c82d1,,FRESH,CONFIRMED,
FEED-S-009-54db23fda0940329,S-009,臺中市議會議事資訊系統－各項提案,內政部全額補助114本市少年輔導委員會辦理「毒品防制基金業務計畫」，少年毒品防制,https://yishi.tccc.gov.tw/proposals/0432f596-d2fc-440f-9496-d03c50efe860,,FRESH,CONFIRMED,
FEED-S-009-55750d82f4860416,S-009,臺中市議會議事資訊系統－各項提案,里草湖都市計劃「機一用地」興建臺中市政府「警察局」霧峰警分局或交通大隊霧峰分隊辦,https://yishi.tccc.gov.tw/proposals/a2f50b78-ee5c-4524-a1cf-e4dfd1c0ee9c,,FRESH,CONFIRMED,
FEED-S-009-cefaf55d5502a4b1,S-009,臺中市議會議事資訊系統－各項提案,整合臺中市龍井地政事務所、龍井區衛生所、「警察局」烏日分局龍井分駐所、龍井親子館,https://yishi.tccc.gov.tw/proposals/9b574c69-838b-4d25-87ec-f75a246a3913,,FRESH,CONFIRMED,
FEED-S-009-eb6c43362706c2ee,S-009,臺中市議會議事資訊系統－各項提案,建請市政府「警察局」研議針對和平分局梨山分駐所支給員工地域加,https://yishi.tccc.gov.tw/proposals/6259cb7e-9822-4877-9610-e7eb0f9ceb99,,FRESH,CONFIRMED,
FEED-S-009-d1abd297d324493e,S-009,臺中市議會議事資訊系統－各項提案,建請「警察局」推動添置止血帶配備作業，提升第一線值勤員,https://yishi.tccc.gov.tw/proposals/27e3d20f-7dad-4343-888a-a27434ff49a5,,FRESH,CONFIRMED,
FEED-S-009-7adf835b91d7c75b,S-009,臺中市議會議事資訊系統－各項提案,建請「警察局」編列經費，充實義警、民防人員的服裝購置案,https://yishi.tccc.gov.tw/proposals/8c5bdcf2-73e5-4ac4-a2f1-04e349a22d12,,FRESH,CONFIRMED,
FEED-S-009-ce76b16352b0ba37,S-009,臺中市議會議事資訊系統－各項提案,內政部警政署114年度補助本局辦理「前瞻基礎建設－城鄉建設－公共服務據點整備－公,https://yishi.tccc.gov.tw/proposals/4ba78b79-f4f9-4748-8cd3-8c44efc5ae83,,FRESH,CONFIRMED,
FEED-S-009-b19b35f423676e10,S-009,臺中市議會議事資訊系統－各項提案,內政部同意全額補助本府辦理「113年協助地方政府建置交通科技執法設備」計畫新臺幣,https://yishi.tccc.gov.tw/proposals/08bd3d8e-db79-4bee-b1a5-0fa9a544c72a,,FRESH,CONFIRMED,
FEED-S-009-ce43a91e543af715,S-009,臺中市議會議事資訊系統－各項提案,、烏日郵局、消防局烏日分隊等機關，並納入「警察局」烏日分局、烏日區戶政事務所辦公,https://yishi.tccc.gov.tw/proposals/df91b656-fd5c-4c82-a1e4-0933cab8aec8,,FRESH,CONFIRMED,
FEED-S-009-39f5b275c2b97d0e,S-009,臺中市議會議事資訊系統－各項提案,有關「警察局」大甲分局遷建研議之情形，應詳細徵詢地方意,https://yishi.tccc.gov.tw/proposals/c6f9ebbc-8f2c-46a1-9326-ee637763c0e5,,FRESH,CONFIRMED,
FEED-S-009-d06fe93655902c1f,S-009,臺中市議會議事資訊系統－各項提案,建請「警察局」重新盤點、調配員警現有業務量，完善福利、,https://yishi.tccc.gov.tw/proposals/8bae86f2-c883-4233-a25e-d4d245294aef,,FRESH,CONFIRMED,
FEED-S-009-70dc88927c63beef,S-009,臺中市議會議事資訊系統－各項提案,建請「警察局」於烏日區溪南路一段與溪南路一段460巷路,https://yishi.tccc.gov.tw/proposals/7671b166-f4a8-4303-af88-1163b2512159,,FRESH,CONFIRMED,
FEED-S-009-62cfc7e45fc2b055,S-009,臺中市議會議事資訊系統－各項提案,建請市政府就「警察局」基層警力員額，核實提出正確員額數，以及如,https://yishi.tccc.gov.tw/proposals/8c936817-7589-4d43-9dca-7ad1b1ab9c0a,,FRESH,CONFIRMED,
FEED-S-009-bdf267e5e3de0817,S-009,臺中市議會議事資訊系統－各項提案,本市「警察局」第三分局廳舍老舊，亟需覓地興建搬遷，請市,https://yishi.tccc.gov.tw/proposals/35b037eb-73c4-4307-b776-8572146442b4,,FRESH,CONFIRMED,
FEED-S-009-a6a42f146c8fac0c,S-009,臺中市議會議事資訊系統－各項提案,往稽查，但因勞工局並無實際調查權是否協請「警察局」配合進行查核，以利後續工安調查,https://yishi.tccc.gov.tw/proposals/abc9291c-b0a2-4955-8b56-398cf9b7b999,,FRESH,CONFIRMED,
FEED-S-009-0549aff4907d14af,S-009,臺中市議會議事資訊系統－各項提案,建請「警察局」於西屯路二段297之8巷12弄及西屯路二,https://yishi.tccc.gov.tw/proposals/6f91254d-0c2d-4946-83e4-1b4a1f2ab9de,,FRESH,CONFIRMED,
FEED-S-009-e31e4f39f4688f8f,S-009,臺中市議會議事資訊系統－各項提案,"內政部警政署112年度補助本局辦理「協助地方政府精進警察科技偵查設備」計畫1,7",https://yishi.tccc.gov.tw/proposals/4983fff0-e33e-4931-9ad3-74290d178c37,,FRESH,CONFIRMED,
FEED-S-009-54d7b58c6c254e7f,S-009,臺中市議會議事資訊系統－各項提案,令規定，請市政府召集環境保護局、交通局、「警察局」、法制局及經濟發展局等相關局處,https://yishi.tccc.gov.tw/proposals/f09e8603-de1f-481e-bba9-c11eb22cf2fb,,FRESH,CONFIRMED,
FEED-S-009-bf04b427c7b224a7,S-009,臺中市議會議事資訊系統－各項提案,建請「警察局」對未禮讓行人之違法駕駛行為加強取締，以保,https://yishi.tccc.gov.tw/proposals/22b2ccdb-f537-4d99-969f-7bd650094bf1,,FRESH,CONFIRMED,
FEED-S-009-937f1332a6861eb1,S-009,臺中市議會議事資訊系統－各項提案,建請臺中市政府「警察局」編列預算購買新式步槍、破門霰彈槍及瓦斯戰,https://yishi.tccc.gov.tw/proposals/3850ad0c-29d6-4dec-bc39-5b7b7c1a48a8,,FRESH,CONFIRMED,
FEED-S-009-f6594ab665f80079,S-009,臺中市議會議事資訊系統－各項提案,請「警察局」提出改善治安的具體做法，並提供市政府歷次,https://yishi.tccc.gov.tw/proposals/7f17b19c-cab3-474c-8557-bc3cec14af6a,,FRESH,CONFIRMED,
FEED-S-009-ad2e71b2bf69df1a,S-009,臺中市議會議事資訊系統－各項提案,分隊及外埔分駐所原地合建案，建請消防局、「警察局」及民政局共同討論擴大徵收相鄰土,https://yishi.tccc.gov.tw/proposals/2df39850-af72-4fcf-8f38-a8e1f83a717f,,FRESH,CONFIRMED,
FEED-S-009-8f8ce07c1f50c42c,S-009,臺中市議會議事資訊系統－各項提案,建請臺中市政府「警察局」編列預算購買電驅油壓破門設備組，並將其配,https://yishi.tccc.gov.tw/proposals/d848167b-3805-4b42-b0b7-4ab09ec11354,,FRESH,CONFIRMED,
FEED-S-009-5f07a2fe40465e25,S-009,臺中市議會議事資訊系統－各項提案,服務品質滿意度民意調查」相關所有資料(含「警察局」及研究發展考核委員會)於公開處,https://yishi.tccc.gov.tw/proposals/a82744ea-06b6-4bf2-ab2f-96f32a761955,,FRESH,CONFIRMED,
FEED-S-009-8adf08beea057cb0,S-009,臺中市議會議事資訊系統－各項提案,建請臺中市「警察局」第五分局增加警察編制員額案。,https://yishi.tccc.gov.tw/proposals/9d0cf74f-4925-4477-8286-52a38e22a193,,FRESH,CONFIRMED,
FEED-S-009-d201dfd74da24b57,S-009,臺中市議會議事資訊系統－各項提案,礙交通車輛移置及保管自治條例」及「臺中市「警察局」執行違規停車車輛拖吊及保管作業,https://yishi.tccc.gov.tw/proposals/2c08eba5-4109-4ea8-8872-136527da6e6f,,FRESH,CONFIRMED,
FEED-S-009-439ffd58bc236ca0,S-009,臺中市議會議事資訊系統－各項提案,廢止「臺中市性交易服務者及場所管理自治條例」，敬請審議。  ,https://yishi.tccc.gov.tw/proposals/25c3393e-0c66-4188-ba85-40dbabb17e34,,FRESH,CONFIRMED,
FEED-S-009-5937ae7eb8fdeb97,S-009,臺中市議會議事資訊系統－各項提案,建請「警察局」與商街住宅、大樓公共場所合作，讓民眾的監,https://yishi.tccc.gov.tw/proposals/4538820c-b11a-451d-b244-589ec00e6e82,,FRESH,CONFIRMED,
FEED-S-009-8e0fba2d4b55977b,S-009,臺中市議會議事資訊系統－各項提案,飆車族猖狂，建請「警察局」加強取締案。,https://yishi.tccc.gov.tw/proposals/59a64b06-3e86-4827-8e6b-da962ab52528,,FRESH,CONFIRMED,
FEED-S-009-b8bc8318042b9a34,S-009,臺中市議會議事資訊系統－各項提案,建請市政府「警察局」於沙鹿區清泉里東大路增設移動式測速照相機,https://yishi.tccc.gov.tw/proposals/c2548fba-2e7d-48aa-b4b6-2cf547bdc3a9,,FRESH,CONFIRMED,
FEED-S-009-e45ecb04cba734aa,S-009,臺中市議會議事資訊系統－各項提案,建請市政府「警察局」應結合社區主動盤點警所區內治安死角或治安,https://yishi.tccc.gov.tw/proposals/daaebb6c-c18d-459f-a3e3-5200281f280a,,FRESH,CONFIRMED,
FEED-S-009-0141ca9dd0dc1f22,S-009,臺中市議會議事資訊系統－各項提案,建請臺中市政府「警察局」、消防局、環境保護局在外縣市服務公職人員,https://yishi.tccc.gov.tw/proposals/e50f54da-dc49-403f-afea-e3c92e02350d,,FRESH,CONFIRMED,
FEED-S-009-936cbb724c1193bf,S-009,臺中市議會議事資訊系統－各項提案,建請臺中市政府「警察局」將各分局辦公場所裝設冷氣費用增列至預算辦,https://yishi.tccc.gov.tw/proposals/2ca5ebce-30df-4fb4-bc22-d56b1ae0bdf1,,FRESH,CONFIRMED,
FEED-S-009-fdd3a11031a54b92,S-009,臺中市議會議事資訊系統－各項提案,建請「警察局」辦理公關業務人員訓練班案。,https://yishi.tccc.gov.tw/proposals/13a3191f-7b1e-4aac-a6f5-392dcdc939ae,,FRESH,CONFIRMED,
FEED-S-009-4afe2c6bcb15584d,S-009,臺中市議會議事資訊系統－各項提案,建請市政府編列預算，於「警察局」交通警察大隊（西屯區大隆路192號）旁優,https://yishi.tccc.gov.tw/proposals/a0b38ff5-1d9e-40eb-9ab8-6f38023a95e4,,FRESH,CONFIRMED,
FEED-S-009-386c8fa4c7b0ee34,S-009,臺中市議會議事資訊系統－各項提案,后里地區分駐所、派出所，由目前臺中市政府「警察局」大甲分局改轄臺中市政府「警察局,https://yishi.tccc.gov.tw/proposals/1b04fd7e-37eb-495c-ba42-b898e50bdabb,,FRESH,CONFIRMED,
FEED-S-009-6d165de206137159,S-009,臺中市議會議事資訊系統－各項提案,請「警察局」全面以電子設備代替手抄開立罰單案。,https://yishi.tccc.gov.tw/proposals/b8fc9ca6-df58-4a99-bab4-0a56f72ab424,,FRESH,CONFIRMED,
FEED-S-009-9cbd742965d2d219,S-009,臺中市議會議事資訊系統－各項提案,，同一街廓卻有兩個執法主管機關(經發局，「警察局」)，建請統一適法性，以街廓認定,https://yishi.tccc.gov.tw/proposals/fc114a27-b042-4e0c-bf63-2adcbe7461de,,FRESH,CONFIRMED,
FEED-S-009-05a9d9599884ea67,S-009,臺中市議會議事資訊系統－各項提案,建請臺中市政府「警察局」於大甲分局及大甲地政事務所現址原地重建案,https://yishi.tccc.gov.tw/proposals/26598527-0e4d-43c4-928a-b1c68363831a,,FRESH,CONFIRMED,
FEED-S-009-195f5db8ce817d49,S-009,臺中市議會議事資訊系統－各項提案,經濟部中小企業處108年度補助本局辦理「108年第2次新創產品及服務採購補助作業,https://yishi.tccc.gov.tw/proposals/66d3a731-aaf9-4978-9245-46a8229a27d8,,FRESH,CONFIRMED,
FEED-S-009-881f23c0ceb3e998,S-009,臺中市議會議事資訊系統－各項提案,建請市政府於臺中市「警察局」處（大墩十九街與文心路交叉口）設立臺中公,https://yishi.tccc.gov.tw/proposals/e01c95c8-cffd-4dff-a3c8-9be490fc985b,,FRESH,CONFIRMED,
FEED-S-009-9634728afe361882,S-009,臺中市議會議事資訊系統－各項提案,建請將臺中市政府「警察局」大甲分局及大甲地政事務所遷移至美人山機關,https://yishi.tccc.gov.tw/proposals/75a92d60-957c-4d1a-997a-0a78607b4baf,,FRESH,CONFIRMED,
FEED-S-009-2c710b06d4152220,S-009,臺中市議會議事資訊系統－各項提案,請「警察局」、消防局、環保局、衛生局提供相關數據及基,https://yishi.tccc.gov.tw/proposals/78661caf-adcf-4403-81bd-ae191776d8bd,,FRESH,CONFIRMED,
FEED-S-009-a81150d96826b9a2,S-009,臺中市議會議事資訊系統－各項提案,請儘速另覓「警察局」第六分局協和派出所辦公廳舍遷建地，俾利編,https://yishi.tccc.gov.tw/proposals/3701b526-bf81-44d6-b3c9-1a07821d03aa,,FRESH,CONFIRMED,
FEED-S-009-38c291bff88b4e4c,S-009,臺中市議會議事資訊系統－各項提案,建請市政府跨機關整合「警察局」與交通局以自治條例的方式管制電動自行車案,https://yishi.tccc.gov.tw/proposals/1cb7527f-e0a8-4303-a2a0-6111e3cc8450,,FRESH,CONFIRMED,
FEED-S-009-4c122ca00f7a7f3a,S-009,臺中市議會議事資訊系統－各項提案,檢送修正「臺中市民眾協助警察拘捕人犯傷亡損失賠償自治條例」第四條、第五條及第六條,https://yishi.tccc.gov.tw/proposals/e9d4b6da-ebe8-447d-9a77-f00e1667f225,,FRESH,CONFIRMED,
FEED-S-009-959172dc9361e317,S-009,臺中市議會議事資訊系統－各項提案,內政部警政署同意補助「前瞻基礎建設-城鄉建設-公共服務據點整備-公有危險建築補強,https://yishi.tccc.gov.tw/proposals/ab27cdd1-7e2b-4cb7-81ee-e404aeb1e186,,FRESH,CONFIRMED,
FEED-S-009-73153de545a084f0,S-009,臺中市議會議事資訊系統－各項提案,第五大隊大安分隊舊有廳舍及土地移撥臺中市「警察局」案。,https://yishi.tccc.gov.tw/proposals/9b8d423d-9117-4f89-8fb7-ef0bee213d05,,FRESH,CONFIRMED,
FEED-S-009-c2c0a52b9e9b7cb0,S-009,臺中市議會議事資訊系統－各項提案,臺中市「警察局」應與動物保護相關單位合作規劃動保相關課程,https://yishi.tccc.gov.tw/proposals/489f3c1a-9ea8-4a20-9ca6-fd11e15a275e,,FRESH,CONFIRMED,
FEED-S-009-037a2a801d427b0e,S-009,臺中市議會議事資訊系統－各項提案,建請研議於「警察局」及下屬各單位增設健身健康設施，以鼓勵基層,https://yishi.tccc.gov.tw/proposals/fb4cf8a1-55b5-4b86-bb74-7aea5061070a,,FRESH,CONFIRMED,
FEED-S-009-f47ad7a1bc3530a5,S-009,臺中市議會議事資訊系統－各項提案,建請市府「警察局」針對民俗慶典活動，研擬避免不當檢舉干擾辦,https://yishi.tccc.gov.tw/proposals/6a411c87-6b4c-4474-ac99-ccc63853371a,,FRESH,CONFIRMED,
FEED-S-009-010510d1a4b6e4ac,S-009,臺中市議會議事資訊系統－各項提案,臺中市霸凌事件頻傳，建請市府「警察局」與教育局，將反霸凌宣導列入重要工作案。,https://yishi.tccc.gov.tw/proposals/7ccb1247-bb63-4b10-a282-a663af54d130,,FRESH,CONFIRMED,
FEED-S-009-803d9b4ad5ecb762,S-009,臺中市議會議事資訊系統－各項提案,CODE，開放定位的資料連結至消防局、「警察局」，讓路燈編號牌成為緊急救難的識,https://yishi.tccc.gov.tw/proposals/2a187d8e-a511-4a50-9c7d-16e84992ad78,,FRESH,CONFIRMED,
FEED-S-009-9afa8b398d79b360,S-009,臺中市議會議事資訊系統－各項提案,建請「警察局」規劃擴編北屯區「細機1-1」(景賢路與景,https://yishi.tccc.gov.tw/proposals/93d6e244-3913-4d1f-a24c-4f9a7b7a4230,,FRESH,CONFIRMED,
FEED-S-009-57095f06808d2f9a,S-009,臺中市議會議事資訊系統－各項提案,請「警察局」研擬成立「報章媒體犯罪打擊小組」，以利降,https://yishi.tccc.gov.tw/proposals/f92e3994-1d5a-42c3-af95-604be38051f5,,FRESH,CONFIRMED,
FEED-S-009-531b3ab4231f285e,S-009,臺中市議會議事資訊系統－各項提案,「警察局」應預編遷移路口監視器預算案。,https://yishi.tccc.gov.tw/proposals/d80a3f3f-e3bf-45a5-a55a-1f7d9154db76,,FRESH,CONFIRMED,
FEED-S-009-04ade3148344d383,S-009,臺中市議會議事資訊系統－各項提案,「警察局」霧峰分局所轄吉峰派出所管轄範圍遼闊，且常,https://yishi.tccc.gov.tw/proposals/70b9e5d5-ffdf-4c34-8a4b-752fd10b5929,,FRESH,CONFIRMED,
FEED-S-009-7ef1890613f5bf31,S-009,臺中市議會議事資訊系統－各項提案,建請市政府、「警察局」等相關單位，針對74號道路下各交流道紅綠,https://yishi.tccc.gov.tw/proposals/e5b73605-6cd6-49b5-a5ba-beb42ad1b8b9,,FRESH,CONFIRMED,
FEED-S-009-15a77662625b2d3f,S-009,臺中市議會議事資訊系統－各項提案,建請「警察局」規劃擴編北屯區「細機1-1」(景賢路與景,https://yishi.tccc.gov.tw/proposals/55867fae-2c48-4902-a5c5-e32085292a79,,FRESH,CONFIRMED,
FEED-S-009-284043390d63c133,S-009,臺中市議會議事資訊系統－各項提案,建請將臺中市政府「警察局」交通警察大隊大甲分隊隨同大甲分局遷移至美,https://yishi.tccc.gov.tw/proposals/b34f6c84-4637-48d6-ba93-1a4e2b915047,,FRESH,CONFIRMED,
FEED-S-009-8cff60d0fe827ff5,S-009,臺中市議會議事資訊系統－各項提案,建請「警察局」儘速辦理北屯區水湳派出所，遷建至中清路與,https://yishi.tccc.gov.tw/proposals/f904ded6-ef63-4f6c-b866-ebb435e330bc,,FRESH,CONFIRMED,
FEED-S-009-415c1d25771fc93d,S-009,臺中市議會議事資訊系統－各項提案,"組織入臺中市動物保護自治條例,以及臺中市「警察局」組織規程,以落實專則專任。",https://yishi.tccc.gov.tw/proposals/15e60df8-be74-44c8-9199-b247eb85abdc,,FRESH,CONFIRMED,
FEED-S-009-3dbbfcdca29477f5,S-009,臺中市議會議事資訊系統－各項提案,檢送「臺中市性交易服務者及場所管理自治條例草案」1份，敬請 審議。  ,https://yishi.tccc.gov.tw/proposals/549320fc-2ae1-4cb0-aab4-8bd9ef030b7b,,FRESH,CONFIRMED,
FEED-S-009-4f4dd383d03271a2,S-009,臺中市議會議事資訊系統－各項提案,，然而，失竊案件頻頻發生卻難以破案，建議「警察局」在大稻埕的四個角落裝設監視器，,https://yishi.tccc.gov.tw/proposals/55d3eaa2-bf0c-416a-83a8-4ca3a0ce877b,,FRESH,CONFIRMED,
FEED-S-009-0b8e2720d1e32d6e,S-009,臺中市議會議事資訊系統－各項提案,建請市政府「警察局」興建座落於東區東橋里福德祠旁建新街及建成,https://yishi.tccc.gov.tw/proposals/1806274a-48d9-4cd7-9faf-690ddb360522,,FRESH,CONFIRMED,
FEED-S-009-21e51fc3b91e9ef4,S-009,臺中市議會議事資訊系統－各項提案,建請市政府興建「警察局」第三分局。,https://yishi.tccc.gov.tw/proposals/6330e57f-dc66-4bbd-bf6c-631da941ee7f,,FRESH,CONFIRMED,
FEED-S-009-fefa2ab2fd407532,S-009,臺中市議會議事資訊系統－各項提案,建請市政府規劃臺中市「警察局」第三分局廳舍之新建地點，以解決現有廳舍老,https://yishi.tccc.gov.tw/proposals/b3428e50-14ad-4478-8509-5dfb3e9edaa2,,FRESH,CONFIRMED,
FEED-S-009-87e474324fd001c7,S-009,臺中市議會議事資訊系統－各項提案,臺中市政府「警察局」霧峰分局四德派出所等3所交流、直流、電子,https://yishi.tccc.gov.tw/proposals/30e3e70d-6c60-4ace-926b-76226874b36c,,FRESH,CONFIRMED,
FEED-S-009-467831d5dd698307,S-009,臺中市議會議事資訊系統－各項提案,針對本市「警察局」、消防局老舊車輛汰換購置，建請可由平均地,https://yishi.tccc.gov.tw/proposals/5f02ff2d-89b3-41af-8866-05108b6d7d69,,FRESH,CONFIRMED,
FEED-S-009-b5fcbe6ace19e178,S-009,臺中市議會議事資訊系統－各項提案,建請臺中市「警察局」編列相關預算繼續推動機動派出所案。,https://yishi.tccc.gov.tw/proposals/cbcff7ed-29e2-4399-b375-fd311114175d,,FRESH,CONFIRMED,
FEED-S-009-0ff70f36e35036e5,S-009,臺中市議會議事資訊系統－各項提案,請「警察局」購置基層員警酒測任務之「酒精感應棒」，以,https://yishi.tccc.gov.tw/proposals/b275ef67-2f11-4425-ad97-574bb4b5ac93,,FRESH,CONFIRMED,
FEED-S-009-5beea4e00366d3fe,S-009,臺中市議會議事資訊系統－各項提案,建請「警察局」就已完工應由都市平均地權基金支應辦理路口,https://yishi.tccc.gov.tw/proposals/2f0ab7a3-7f75-41c3-9b7f-a33a286e7d53,,FRESH,CONFIRMED,
FEED-S-009-15b70e51a9a7ae87,S-009,臺中市議會議事資訊系統－各項提案,建請市政府「警察局」於中港路一段及忠明路交叉口處設置監視器。,https://yishi.tccc.gov.tw/proposals/7907b7a4-7594-4ad3-aece-4c7f6ff46273,,FRESH,CONFIRMED,
FEED-S-009-88d97e9e110641c2,S-009,臺中市議會議事資訊系統－各項提案,建請速覓適當地點規劃興建「警察局」第六分局永福派出所辦公處所，以利辦公案。,https://yishi.tccc.gov.tw/proposals/b2d9019b-2d57-4d72-a77a-3e3758167ddf,,FRESH,CONFIRMED,
FEED-S-009-dae4347a821e1b69,S-009,臺中市議會議事資訊系統－各項提案,建請市「警察局」儘速將各區公所建置監視器系統，納入電子城,https://yishi.tccc.gov.tw/proposals/5508fa73-b448-4d47-87f2-ce91a1a656b6,,FRESH,CONFIRMED,
FEED-S-009-d36fe74b6649de02,S-009,臺中市議會議事資訊系統－各項提案,制式化發放，造成員警困擾及不便，建請本市「警察局」依據警察專業及實際需求，放寬辦,https://yishi.tccc.gov.tw/proposals/6611cb62-53ea-4b2d-abd9-1dbabaec6ac2,,FRESH,CONFIRMED,
FEED-S-009-5571a37e342c4825,S-009,臺中市議會議事資訊系統－各項提案,建請市政府早日把台中市政府「警察局」太平分局交通小隊，以提升為交通分隊，並擴,https://yishi.tccc.gov.tw/proposals/e8552cc4-1637-41c4-8d5c-cb2f3f25039f,,FRESH,CONFIRMED,
FEED-S-009-1693b3a2e0b0cab0,S-009,臺中市議會議事資訊系統－各項提案,建請台中市政府將「警察局」太平分局新平派出所遷建至機七用地，改善員,https://yishi.tccc.gov.tw/proposals/1f5fe6dd-d45a-4bb3-80a9-fcc0ab94b086,,FRESH,CONFIRMED,
FEED-S-009-763016277d574b4f,S-009,臺中市議會議事資訊系統－各項提案,建請市政府爭取機七用地，用於遷建市「警察局」太平分局新平派出所及太平交通分隊案。,https://yishi.tccc.gov.tw/proposals/69aa62ee-c145-41c3-b4b2-ab58bca663e0,,FRESH,CONFIRMED,
FEED-S-009-f8749a825f274f77,S-009,臺中市議會議事資訊系統－各項提案,有關「警察局」東勢分局茅埔派出所廳舍老舊狹小，應請重新,https://yishi.tccc.gov.tw/proposals/556b7916-6625-4078-a00c-453fb32284c2,,FRESH,CONFIRMED,
FEED-S-009-f4cfbc77c975d2ea,S-009,臺中市議會議事資訊系統－各項提案,建請市「警察局」交通大隊主動提報肇事紀錄，以利設置交通號,https://yishi.tccc.gov.tw/proposals/a0d8c08e-f679-4f06-a1c6-3863216e1438,,FRESH,CONFIRMED,
FEED-S-009-64783a78785fc708,S-009,臺中市議會議事資訊系統－各項提案,檢送「臺中市公設監視錄影系統設置管理自治條例」草案1份，敬請 審議。  ,https://yishi.tccc.gov.tw/proposals/b2a40007-d873-4073-b2ad-7eb92a399887,,FRESH,CONFIRMED,
FEED-S-009-89a8c725da168f22,S-009,臺中市議會議事資訊系統－各項提案,建請市政府「警察局」成立專案小組偵辦偷水溝蓋、電信蓋及電纜線,https://yishi.tccc.gov.tw/proposals/a5fc786a-4997-4228-884d-5dc564f0942d,,FRESH,CONFIRMED,
FEED-S-009-171d7a2f4386805e,S-009,臺中市議會議事資訊系統－各項提案,北屯區「警察局」第五分局搬遷新辦公大樓後，原北屯路偵查隊,https://yishi.tccc.gov.tw/proposals/d8a0b037-3399-441c-9099-c0fc2f1d39a7,,FRESH,CONFIRMED,
FEED-S-009-ea94d13ec698f9fc,S-009,臺中市議會議事資訊系統－各項提案,開鑼，建請市府相關單位（交通局、文化局、「警察局」）協調儘速將大甲區之水美營區規,https://yishi.tccc.gov.tw/proposals/c37163ae-f6e7-4ce5-a5b8-a3d63c477c41,,FRESH,CONFIRMED,
FEED-S-009-e036eb0d8935e20f,S-009,臺中市議會議事資訊系統－各項提案,「警察局」霧峰分局所轄大里分駐所、大里交通小隊，由,https://yishi.tccc.gov.tw/proposals/e82a6c99-a1d5-47bc-9eb6-df89cd2783e4,,FRESH,CONFIRMED,
FEED-S-009-29b8bfc9cb09da6e,S-009,臺中市議會議事資訊系統－各項提案,向國防部軍備局申請撥用完成，建請 市府將「警察局」、消防分隊用地整建完成，以嘉惠,https://yishi.tccc.gov.tw/proposals/f50fa9c5-ef46-4196-8347-04074a040a71,,FRESH,CONFIRMED,
FEED-S-009-6225f9cd826af713,S-009,臺中市議會議事資訊系統－各項提案,建請「警察局」增設潭雅神區潭子分局，以加強地方治安維護,https://yishi.tccc.gov.tw/proposals/364cffb2-73e8-4139-a52b-a6e4f9f4b2cc,,FRESH,CONFIRMED,
FEED-S-009-37d26d5a8bac874c,S-009,臺中市議會議事資訊系統－各項提案,、民防等民間義務團體比照地方監視系統納入「警察局」之模式，以建立本市社區治安維護,https://yishi.tccc.gov.tw/proposals/160fc4dd-6f8b-489e-81c5-b1857c221bf7,,FRESH,CONFIRMED,
FEED-S-009-b946015dea128ed0,S-009,臺中市議會議事資訊系統－各項提案,建請市府「警察局」對大甲、大安、外埔三區，儘速重新統一規劃,https://yishi.tccc.gov.tw/proposals/6c3bdcf0-411f-4b0e-b69d-ec7334723576,,FRESH,CONFIRMED,
FEED-S-029-def67d0adebe639e,S-029,臺中市政府議會專案報告,1150731-4-臺中市科技執法設置應以「危險路口改善為優先、執法為輔」之理念推動，罰鍰收入優先投入道路工程改善及標誌標線優化專案報告(警察、交通),https://www.rdec.taichung.gov.tw/media/1443292/1150731-4-臺中市科技執法設置應以-危險路口改善為優先-執法為輔-之理念推動-罰鍰收入優先投入道路工程改善及標誌標線優化專案報告-警察-交通.pdf,2026-07-24T00:00:00+08:00,FRESH,CONFIRMED,
FEED-S-029-9f3ee6ee25a1942b,S-029,臺中市政府議會專案報告,1150803-2-菸品與依托咪酯進入校園、社會之防範、改善措施及各類毒品查緝績效專案報告(衛生、教育、警察),https://www.rdec.taichung.gov.tw/media/1443294/1150803-2-菸品與依托咪酯進入校園-社會之防範-改善措施及各類毒品查緝績效專案報告-衛生-教育-警察.pdf,2026-07-24T00:00:00+08:00,FRESH,CONFIRMED,
